tree
version=v4
num_class=1
num_tree_per_iteration=1
label_index=0
max_feature_idx=5
objective=lambdarank
feature_names=Column_0 Column_1 Column_2 Column_3 Column_4 Column_5
feature_infos=[0.38:1] [0.9943441290350884:0.9943474538856083] [-0.80000000000000004:0.80000000000000004] [0.48427593656648732:0.98553264141724839] [-0.9038834901036944:1.1332316338807042] [0.37:0.98999999999999999]
tree_sizes=1717 1720 1724 1727 1712 1725 1732 1732 1729 1730 1731 1733 1733 1722 1734 1729 1734 1724 1734 1734 1725 1732 1734 1741 1736 1737 1742 1738 1746 1745 1737 1744 1730 1741 1740 1746 1746 1738 1742 1750 1744 1746 1741 1750 1745 1750 1753 1765 1748 1754 1750 1754 1749 1745 1754 1756 1747 1757 1755 1759 1758 1758 1761 1752 1753 1761 1763 1761 1761 1761 1755 1759 1763 1765 1764 1755 1762 1769 1771 1776 1780 1780 1766 1777 1780 1776 1775 1770 1776 1763 1781 1784 1783 1776 1781 1777 1770 1781 1788 1779 1779 1786 1781 1778 1783 1782 1781 1786 1792 1788 1800 1799 1798 1791 1790 1791 1789 1787 1787 1785

Tree=0
num_leaves=15
num_cat=0
split_feature=4 4 2 3 4 2 4 2 3 2 5 3 4 2
split_gain=2760.14 43.7973 53.8903 24.584 12.2526 32.646 6.49739 12.3893 4.45455 2.98845 2.66753 1.64645 4.46491 1.6172
threshold=0.49293218315933424 0.59238163451791426 -0.0091237657230511925 0.88359769600279259 0.40782395009455691 0.052906793703326023 0.68632454357222372 0.47916263149799332 0.90073992928863467 0.14868996578017543 0.42500000000000004 0.86152130806444904 0.33605509444308135 0.56427957665138673
decision_type=2 2 2 2 2 2 2 2 2 2 2 2 2 2
left_child=3 2 -2 4 11 -6 7 9 13 -3 -9 -1 -13 -4
right_child=1 6 8 -5 5 -7 -8 10 -10 -11 -12 12 -14 -15
leaf_value=-0.11929447790188483 0.1125407795889901 0.11918828425121616 -0.059813259559715511 0.10058043855433683 0.069318300554039189 -0.11752389732131024 0.11767472540801449 0.061256720345619291 0.11999999999999945 0.075714794420764314 -0.024440649525906948 -0.11999999999999995 0.080081619775718232 -0.10982293578212458
leaf_weight=359.45243440568447 12.034803606569769 19.281841559335593 4.485795422457155 1.8848778456449498 4.6160828350111869 12.436564283445476 343.37540125008672 2.1066871006041756 0.39479312300682146 8.0769686382263881 3.4473385373130441 1.4567655697464936 0.55428610648959864 4.8390666991472244
leaf_count=21406 100 154 241 15 53 815 5668 50 1 178 163 89 10 312
internal_value=-1.08493e-09 0.110448 0.0276739 -0.115571 -0.116647 -0.0669465 0.115234 0.0897677 -0.0774076 0.106354 0.00806506 -0.118992 -0.0648535 -0.0857654
internal_weight=778.444 398.043 21.7545 380.401 378.516 17.0526 376.288 32.9128 9.71966 27.3588 5.55403 361.463 2.01105 9.32486
internal_count=29255 6867 654 22388 22373 868 6213 545 554 332 213 21505 99 553
is_linear=0
shrinkage=0.06


Tree=1
num_leaves=15
num_cat=0
split_feature=4 4 2 4 4 2 4 3 3 2 4 3 3 2
split_gain=2689.22 97.3317 71.1819 77.7479 34.9731 17.5462 40.0491 16.0134 8.73624 8.52279 13.4741 6.41234 6.29191 5.97084
threshold=0.53616361786272315 0.84953773515527631 0.19290009240065684 0.7307350214846744 0.4556909058663639 -0.78875190844849852 0.22160609917557147 0.78186699410832694 0.8472066273223201 0.65310783734579492 0.64965798362674654 0.74880553584714227 0.80326115893524186 -0.66218914204643375
decision_type=2 2 2 2 2 2 2 2 2 2 2 2 2 2
left_child=4 2 -2 9 5 6 -1 -8 11 10 -4 -6 -5 -13
right_child=1 -3 3 12 8 -7 7 -9 -10 -11 -12 13 -14 -15
leaf_value=-0.10870677996901212 0.098011226838857837 0.099813841687606292 -0.055914828968649237 0.068156022100609726 -0.010299245362906537 -0.10677581355585489 -0.095406516908809691 0.085689832998320101 0.082679348334306069 -0.038803178631718942 0.030893945147865986 0.10950012112731643 0.036439172685774568 -0.088409569478979516
leaf_weight=19.052198508754376 88.21613662596792 385.73475417308509 9.2901667375117558 96.294717652723193 11.322262990288442 478.93468579370528 2.320825966075061 7.245483573526144 2.2760218689218155 36.62566898111254 20.958149623125792 0.58357920497656124 29.388717072084546 9.2049300409853405
leaf_count=349 399 4142 212 866 307 21644 40 28 19 491 206 6 224 322
internal_value=1.58942e-10 0.080252 0.0533774 0.0329294 -0.100743 -0.104049 -0.0584119 0.0417551 -0.0290049 -0.0193374 0.00423236 -0.041046 0.0607396 -0.0766104
internal_weight=1197.45 666.508 280.774 192.557 530.94 507.553 28.6185 9.56631 23.3868 66.874 30.2483 21.1108 125.683 9.78851
internal_count=29255 6540 2398 1999 22715 22061 417 68 654 909 418 635 1090 328
is_linear=0
shrinkage=0.06


Tree=2
num_leaves=15
num_cat=0
split_feature=4 4 2 4 3 4 2 4 2 2 3 2 4 1
split_gain=2303.69 62.3586 29.5848 40.5763 18.752 9.92841 7.84627 7.54019 14.4621 6.60131 6.06194 5.5002 5.09416 4.09519
threshold=0.49293218315933424 0.88345276136678275 0.052906793703326023 0.64965798362674654 0.87428084948405649 1.0205286969618339 0.260223064222945 0.40782395009455691 -0.078603707485873184 0.080736204892211505 0.90073992928863467 -0.31533236656688907 0.77615158539313467 0.99434489743940457
decision_type=2 2 2 2 2 2 2 2 2 2 2 2 2 2
left_child=4 2 -2 10 7 -3 -7 -1 -9 -5 -4 -6 -11 -8
right_child=1 5 3 9 11 6 13 8 -10 12 -12 -13 -14 -15
leaf_value=-0.098222416918526081 0.085147716880898394 0.093334933251384533 -0.046435077961144933 -0.085500717732330617 0.099168101010738807 -0.082602403678089575 0.068534393079635617 0.026773510319869367 -0.091541418754809228 0.032847149656622443 0.10564751753316062 -0.071464853203612219 0.060513669395777729 -0.054712885248319895
leaf_weight=474.24054765328765 59.113578328862786 402.01917353458703 21.318919165059928 1.2928515896201123 2.2701396755874161 1.6036143898963899 11.633001353591679 5.0994316842407015 13.741771817207335 36.707824364857515 0.98722156882285972 0.97094033192843099 68.984187504160218 1.0589049682021148
leaf_count=21483 344 3706 788 6 8 5 96 46 822 851 4 29 1059 8
internal_value=2.26297e-10 0.0786261 0.0499852 0.0339084 -0.095798 0.0915877 0.0424512 -0.0967435 -0.0595191 0.0492564 -0.0397042 0.0480511 0.0509048 0.0582517
internal_weight=1101.04 604.719 188.405 129.291 496.323 416.315 14.2955 493.082 18.8412 106.985 22.3061 3.24108 105.692 12.6919
internal_count=29255 6867 3052 2708 22388 3815 109 22351 868 1916 792 37 1910 104
is_linear=0
shrinkage=0.06


Tree=3
num_leaves=15
num_cat=0
split_feature=4 4 2 4 3 2 4 2 3 4 0 3 4 4
split_gain=1954.33 45.4625 23.9219 31.7063 14.7336 8.23516 7.10032 11.6717 5.46901 4.67058 5.04146 5.92089 5.23183 4.04739
threshold=0.49293218315933424 0.88345276136678275 0.14868996578017543 0.66857226192981167 0.86728152601218456 -0.24760649124311435 0.40782395009455691 0.052906793703326023 0.90073992928863467 0.91555416274032209 0.57000000000000006 0.7812731001145824 0.90971813201883334 0.61121863025216394
decision_type=2 2 2 2 2 2 2 2 2 2 2 2 2 2
left_child=4 2 -2 8 6 -6 -1 -8 13 10 11 -3 -13 -4
right_child=1 9 3 -5 5 -7 7 -9 -10 -11 -12 12 -14 -15
leaf_value=-0.092016511461852135 0.076861943655198633 0.093738451824638566 -0.056541782540446929 0.048669190895675347 0.092407243669767533 -0.095295930652188707 0.019401845508249055 -0.085022008632249041 0.10504694196909468 0.087695936892022153 0.075408538946768119 -0.068944139181423045 0.092894079374251079 -0.0049903903232693496
leaf_weight=455.19250980764627 59.394904088228941 2.3029004260897628 14.359596394933765 70.374089871402248 2.4823197536170487 1.2729654777795065 5.4761126972734955 13.003157060127704 1.0206756144762028 359.78417374752462 51.384620213881135 2.8501726388931279 0.96176310442388047 8.8690894003957492
leaf_count=21446 409 21 619 1789 12 63 52 815 3 3379 389 17 9 232
internal_value=-4.25208e-10 0.0748754 0.0470158 0.0282815 -0.0895979 0.0287797 -0.0905364 -0.0540772 -0.0308857 0.0851583 0.0692798 0.017778 -0.0281119 -0.0368586
internal_weight=1048.73 571.302 154.018 94.6235 477.427 3.75529 473.672 18.4793 24.2494 417.284 57.4995 6.11484 3.81194 23.2287
internal_count=29255 6867 3052 2643 22388 75 22313 867 854 3815 436 47 26 851
is_linear=0
shrinkage=0.06


Tree=4
num_leaves=15
num_cat=0
split_feature=4 4 4 2 2 4 3 0 4 3 4 1 1 3
split_gain=1680.71 37.8121 22.0649 20.791 13.8949 12.5739 10.7144 3.5338 3.31458 2.88902 2.18816 2.16169 2.91784 2.39946
threshold=0.57291415714534144 0.4449411386959794 0.88345276136678275 -0.078603707485873184 0.22957969935645986 0.71783342976517794 0.87428084948405649 0.79000000000000015 1.0205286969618339 0.90073992928863467 0.22160609917557147 0.99434434451521558 0.99434433150935331 0.76910568157938419
decision_type=2 2 2 2 2 2 2 2 2 2 2 2 2 2
left_child=1 6 4 7 11 -6 -1 -3 -4 -5 -8 12 13 -2
right_child=2 3 8 9 5 -7 10 -9 -10 -11 -12 -13 -14 -15
leaf_value=-0.086389515193512914 0.036922962159599983 0.054026129471846693 0.081489863396370474 -0.062138780538328039 -0.0025370200332492446 0.051358668491705443 -0.09043816125329697 -0.043825441855965375 0.030241111400850118 0.099617641894257369 0.074256817048770227 0.083895731597188022 -0.037651183524825854 0.08682434005874598
leaf_weight=446.467558728531 6.3117621820420009 11.108377259224655 393.41411455441266 17.334238724783066 21.73323322655051 55.071931532598683 0.34603417012840454 1.5091483891010273 4.5963061787188044 0.40682289004325767 1.8068448118865488 37.397850933484733 1.0880324877798546 7.7016606554389
leaf_count=21917 51 94 3706 879 603 1428 21 7 109 1 14 354 7 64
internal_value=-8.25625e-11 -0.0813602 0.0739024 -0.0165554 0.0523693 0.036108 -0.0857456 0.0423224 0.080898 -0.0584295 0.0477852 0.076159 0.0569995 0.0643483
internal_weight=1006.29 478.979 527.315 30.3586 129.304 76.8052 448.62 12.6175 398.01 17.7411 2.15288 52.4993 15.1015 14.0134
internal_count=29255 22933 6322 981 2507 2031 21952 101 3815 880 35 476 122 115
is_linear=0
shrinkage=0.06


Tree=5
num_leaves=15
num_cat=0
split_feature=4 4 4 2 2 4 3 2 3 3 4 3 3 4
split_gain=1461.9 23.6993 21.3146 18.2003 13.7956 18.2655 6.66786 4.85593 3.64303 3.00049 2.90665 4.83601 6.78973 2.75068
threshold=0.55399663693201051 0.40782395009455691 0.91555416274032209 0.052906793703326023 0.14868996578017543 0.70237479664194002 0.86728152601218456 -0.24760649124311435 0.78311174018792851 0.84228371403771274 1.0077376954543686 0.73015066337994294 0.72411984510637473 0.64965798362674654
decision_type=2 2 2 2 2 2 2 2 2 2 2 2 2 2
left_child=1 6 4 9 -2 13 -1 -8 10 -3 -4 12 -12 -6
right_child=2 3 8 -5 5 -7 7 -9 -10 -11 11 -13 -14 -15
leaf_value=-0.082875595244969971 0.078219608197803048 0.013012297403650508 0.072772184103940915 -0.062816903747234198 -0.028460825451747319 0.05186468539224804 0.078481328469958381 -0.085031557380267783 0.083295095605360775 0.082547122685236451 0.057200103538651251 0.084868692906598736 -0.10656758668356413 0.013737473176363493
leaf_weight=418.55225093895569 48.350505663082004 8.6555890534073097 152.70946877542883 20.617029012646526 11.866153667680921 91.104369743261486 1.599153630435467 1.1060744049027551 191.17079729214311 3.0112465023994437 2.0996749363839622 3.4409091584384441 1.6103704292327163 10.465635346248744
leaf_count=21446 367 89 1450 1200 401 2035 8 62 1842 19 30 51 6 249
internal_value=-4.23497e-10 -0.0784718 0.0694013 -0.0289277 0.0513831 0.0399445 -0.0822687 0.0116266 0.0777056 0.0309595 0.0710214 0.0336338 -0.0138844 -0.00868489
internal_weight=966.359 453.541 512.818 32.2839 161.787 113.436 421.257 2.70523 351.031 11.6668 159.86 7.15095 3.71005 22.3318
internal_count=29255 22824 6431 1308 3052 2685 21516 70 3379 108 1537 87 36 650
is_linear=0
shrinkage=0.06


Tree=6
num_leaves=15
num_cat=0
split_feature=4 4 2 4 4 2 3 3 4 0 2 2 4 3
split_gain=1306.36 28.7957 15.6268 18.9723 11.7566 12.5305 5.46101 4.93166 4.57226 2.50271 2.37567 2.27057 1.87375 3.19744
threshold=0.52078778381871305 0.91555416274032209 0.052906793703326023 0.7307350214846744 0.40782395009455691 0.052906793703326023 0.87428084948405649 0.78311174018792851 0.61121863025216394 0.6100000000000001 0.47916263149799332 0.56427957665138673 0.95874585114599353 0.78070373041051655
decision_type=2 2 2 2 2 2 2 2 2 2 2 2 2 2
left_child=4 2 -2 8 6 9 -1 12 11 -6 -10 -4 -3 -14
right_child=1 7 3 -5 5 -7 -8 -9 10 -11 -12 -13 13 -15
leaf_value=-0.079417748485248491 0.074642808398760183 0.054465580853273771 -0.011537745615836845 0.050015421905606955 -0.051379412047906768 -0.068276694683605268 0.030774626468966164 0.080457433429385342 0.029806929220692016 0.035295933609897009 -0.0073685380408869527 -0.066845607381941632 0.075690023427281539 0.010577240635626803
leaf_weight=403.76830577384681 45.136402243748307 40.291733166202903 6.1041313698515278 73.980686743452679 1.4327275454998032 15.711517123971133 1.6256126593798388 251.06164593063295 12.200628514023265 7.3603622764348984 12.557955450494774 4.7527413330972195 46.582451109861722 2.8830480929464093
leaf_count=21483 332 720 202 1885 18 1004 33 1842 277 68 330 244 791 26
internal_value=1.95022e-10 0.0663965 0.044931 0.0326944 -0.0765364 -0.036179 -0.0789759 0.0761419 -0.00328504 0.0211732 0.0109509 -0.0357495 0.064071 0.071895
internal_weight=925.45 495.551 154.733 109.596 429.899 24.5046 405.394 340.819 35.6155 8.79309 24.7586 10.8569 89.7572 49.4655
internal_count=29255 6649 3270 2938 22606 1090 21516 3379 1053 86 607 446 1537 817
is_linear=0
shrinkage=0.06


Tree=7
num_leaves=15
num_cat=0
split_feature=4 4 4 2 4 2 3 3 4 2 4 3 3 2
split_gain=1171.48 24.7848 17.3581 13.2439 11.8747 10.2996 5.57721 2.30557 2.24619 1.73651 11.7965 3.29463 1.70957 2.65945
threshold=0.55399663693201051 0.88345276136678275 0.4449411386959794 0.14868996578017543 0.66857226192981167 0.052906793703326023 0.87428084948405649 0.77026171251814368 0.7307350214846744 -0.78875190844849852 0.29809939582232819 0.78186699410832694 0.76968555587788079 0.55503360368754506
decision_type=2 2 2 2 2 2 2 2 2 2 2 2 2 2
left_child=2 3 6 -2 -5 -4 9 12 -6 10 -1 -12 -3 -14
right_child=1 7 5 4 8 -7 -8 -9 -10 -11 11 -13 13 -15
leaf_value=-0.079835913510732326 0.070299782741419958 0.06522356940343696 0.032800062094718453 -0.019124690323874562 0.018395456128353152 -0.052316103633062598 0.030474461927549771 0.076229650793795678 0.045048097377411299 -0.077196524179327444 -0.063532624670771268 0.085820816941775971 -0.11955321154919131 0.078220380432160466
leaf_weight=14.901411676779391 41.159612806513906 70.805601955536986 8.0731807313859481 15.264179423451422 14.435127648583146 13.981771031394599 1.7680650698021043 270.1852574152872 53.842803121282486 376.21000123489648 0.69324304163455908 2.2820007875561714 0.46058985590934653 0.52237139269709587
leaf_count=381 348 1443 82 479 357 790 35 2360 1432 21505 20 11 1 11
internal_value=-3.71361e-11 0.0653404 -0.072965 0.0424424 0.0287177 -0.0211595 -0.0758513 0.0736902 0.0394133 -0.0763283 -0.0580572 0.0510209 0.0641326 -0.0144511
internal_weight=884.585 466.676 417.91 124.702 83.5421 22.055 395.855 341.974 68.2779 394.087 17.8767 2.97524 71.7886 0.982961
internal_count=29255 6431 22824 2616 2268 872 21952 3815 1789 21917 412 31 1455 12
is_linear=0
shrinkage=0.06


Tree=8
num_leaves=15
num_cat=0
split_feature=4 4 4 2 4 2 3 2 4 3 4 3 4 4
split_gain=1044.31 24.7221 15.3915 11.3409 11.1936 8.59131 4.85879 3.81934 2.55023 1.84792 2.02934 2.29876 1.70906 1.47344
threshold=0.55399663693201051 0.91555416274032209 0.4449411386959794 0.19290009240065684 0.68632454357222372 0.052906793703326023 0.86728152601218456 -0.24760649124311435 1.0205286969618339 0.7644647033135118 0.95874585114599353 0.76327132304880385 0.7307350214846744 0.61121863025216394
decision_type=2 2 2 2 2 2 2 2 2 2 2 2 2 2
left_child=2 3 6 -2 13 -4 -1 -8 9 10 11 -3 -6 -5
right_child=1 8 5 4 12 -7 7 -9 -10 -11 -12 -13 -14 -15
leaf_value=-0.074356315501614145 0.067022342230609322 0.053728777662711266 0.029015457582448192 -0.037180132543587763 0.018200037695158662 -0.050118902650680322 0.06954608549932377 -0.077900236571320711 0.025922803083685293 0.075263755833214319 0.07339736654273521 -0.038498473428947549 0.043690902634008863 -0.00041306730623163801
leaf_weight=371.96690443484113 44.909602571278811 22.384748211130503 7.7468396965414312 5.9364410117268589 10.999755339464171 13.626099269837139 1.5139090381562712 1.0862206853926171 4.1825013486668459 248.56990719027817 29.407690517604351 1.0171301774680603 68.027903806767426 11.574433663859962
leaf_count=21880 436 516 82 238 272 790 10 62 109 2165 576 13 1805 301
internal_value=-2.29058e-10 0.0628522 -0.0709592 0.0421133 0.0305256 -0.0214358 -0.073785 0.00794945 0.0724525 0.0730982 0.0629052 0.0497202 0.0401429 -0.0128776
internal_weight=842.95 447.01 395.94 141.448 96.5385 21.3729 374.567 2.60013 305.562 301.379 52.8096 23.4019 79.0277 17.5109
internal_count=29255 6431 22824 3052 2616 872 21952 72 3379 3270 1105 529 2077 539
is_linear=0
shrinkage=0.06


Tree=9
num_leaves=15
num_cat=0
split_feature=4 4 4 2 2 4 3 2 3 2 4 4 4 2
split_gain=936.368 25.4266 13.5293 11.3362 10.9224 9.34273 2.69103 3.42611 2.06468 1.86887 1.92649 1.77426 1.20468 1.32638
threshold=0.55399663693201051 0.88345276136678275 0.40106263428337602 -0.078603707485873184 0.14868996578017543 0.66857226192981167 0.86152130806444904 -0.25542457110613687 0.84228371403771274 0.55157352629955592 0.75476812130449222 1.0205286969618339 0.4556909058663639 0.56427957665138673
decision_type=2 2 2 2 2 2 2 2 2 2 2 2 2 2
left_child=2 4 6 8 -2 -6 -1 -8 -4 -7 -11 -3 -5 -14
right_child=1 11 3 12 5 9 7 -9 -10 10 -12 -13 13 -15
leaf_value=-0.07291885695165487 0.064506155522010042 0.070480452657419021 0.0076703253336160467 -0.073459488930023478 -0.017383481071130698 0.046294957085405479 0.054614011662034181 -0.07454129647296974 0.071209001492615609 0.0060262991587010694 0.035142294050863311 0.029870804637245712 -0.025896232812110415 -0.065391771845245403
leaf_weight=342.94948816625401 36.611072136089206 303.64959547296166 6.5890301708132046 7.8486623982898918 15.189837203361092 28.747236222174251 1.3588775824755432 1.6219394849613298 2.5550316907465458 11.911597888916729 26.121439735114109 3.9231592099822583 6.898456026799975 5.5029018823988736
leaf_count=21298 348 3706 83 620 479 800 12 97 20 289 700 109 325 369
internal_value=-2.37529e-11 0.0608624 -0.0691049 -0.0300253 0.0372588 0.025089 -0.0724255 -0.0156627 0.0254243 0.0347498 0.0260234 0.0699625 -0.055064 -0.0434217
internal_weight=801.478 426.154 375.324 29.3941 118.581 81.9701 345.93 2.98082 9.14406 66.7803 38.033 307.573 20.25 12.4014
internal_count=29255 6431 22824 1417 2616 2268 21407 109 103 1789 989 3815 1314 694
is_linear=0
shrinkage=0.06


Tree=10
num_leaves=15
num_cat=0
split_feature=4 4 4 2 2 4 3 2 3 2 2 1 3 4
split_gain=838.834 22.3306 15.4109 9.18609 8.0227 7.90067 4.05159 1.79679 1.78911 1.31546 1.47375 1.24808 1.21325 1.21008
threshold=0.57291415714534144 0.91555416274032209 0.4449411386959794 0.052906793703326023 -0.078603707485873184 0.7307350214846744 0.87428084948405649 0.47916263149799332 0.75652220557919181 0.080736204892211505 0.22957969935645986 0.99434415032599632 0.81155720032221945 0.29809939582232819
decision_type=2 2 2 2 2 2 2 2 2 2 2 2 2 2
left_child=2 3 6 11 12 7 13 -5 -3 -7 -11 -2 -4 -1
right_child=1 8 4 5 -6 9 -8 -9 -10 10 -12 -13 -14 -15
leaf_value=-0.071943485898332965 -0.0074733485723780524 0.057715265706101845 0.013102856914585299 0.018577308516865686 -0.045903267340784058 -0.067949046835635227 0.024937258814018839 -0.011352943312687149 0.071139357415976767 0.071341363527825427 0.038777741429974984 0.068671208655555482 0.063951052304164382 -0.06009661865708428
leaf_weight=297.45548424543813 0.79480611905455845 42.266598323418293 5.916391050443055 14.160024102573516 15.057904978282748 0.39843903109431167 1.6021304787136603 14.734184580971487 231.50312201771885 5.4399886839091769 62.33357926242752 30.999137204140425 2.364357840269804 34.655234491452575
leaf_count=19638 7 999 72 348 880 4 35 426 2380 144 1737 277 29 2279
internal_value=2.02399e-10 0.0593726 -0.0669516 0.0387766 -0.0198161 0.0296082 -0.0702481 0.00331481 0.0690668 0.0407525 0.0413915 0.0667677 0.0276213 -0.0707073
internal_weight=759.681 402.63 357.052 128.86 23.3387 97.0662 333.713 28.8942 273.77 68.172 67.7736 31.7939 8.28075 332.111
internal_count=29255 6322 22933 2943 981 2659 21952 774 3379 1885 1881 284 101 21917
is_linear=0
shrinkage=0.06


Tree=11
num_leaves=15
num_cat=0
split_feature=4 4 4 2 2 4 3 4 3 2 3 4 4 4
split_gain=752.947 21.7457 14.9351 11.8692 8.92138 6.41019 1.95071 1.84642 1.79556 1.54352 1.41928 1.25329 1.21244 1.19297
threshold=0.57291415714534144 0.88345276136678275 0.39347190882402377 -0.078603707485873184 0.14868996578017543 0.68632454357222372 0.88359769600279259 1.0205286969618339 0.84228371403771274 0.55157352629955592 0.7644647033135118 0.91555416274032209 0.4556909058663639 0.95874585114599353
decision_type=2 2 2 2 2 2 2 2 2 2 2 2 2 2
left_child=2 4 6 8 -2 -6 -1 10 -4 -7 13 -12 -5 -3
right_child=1 7 3 12 5 9 -8 -9 -10 -11 11 -13 -14 -15
leaf_value=-0.069791151466397514 0.062595125826523254 0.048908161817726885 0.011938601783940388 -0.070350871788288527 -0.0091284867550211705 0.044024521454959116 0.035810613809417177 0.024690029030783541 0.06916441687898997 0.024665700709957966 0.049763096968308107 0.070212377315380284 -0.040736151930938887 0.067591300577816038
leaf_weight=303.90558466757648 29.70457031019032 25.534915123134851 7.5828313883394021 7.9137804880738285 16.603829132393003 25.926762855786365 0.6310346182435741 3.7427427285583681 2.6684978902339935 34.633392028335948 11.371508009731768 210.7846521763131 13.409762992057948 23.744505764916539
leaf_count=21287 322 701 106 725 476 755 11 109 26 954 264 2165 778 576
internal_value=-7.80524e-11 0.0576244 -0.0654998 -0.0262205 0.0346544 0.0238985 -0.0695723 0.0665451 0.0268349 0.0329535 0.0671222 0.0691656 -0.051727 0.0579103
internal_weight=718.158 382.047 336.111 31.5749 106.869 77.164 304.537 275.178 10.2513 60.5602 271.436 222.156 21.3235 49.2794
internal_count=29255 6322 22933 1635 2507 2185 21298 3815 132 1709 3706 2429 1503 1277
is_linear=0
shrinkage=0.06


Tree=12
num_leaves=15
num_cat=0
split_feature=4 4 4 2 2 4 3 3 2 2 3 1 4 4
split_gain=676.801 22.2579 13.4783 9.3513 8.95119 4.97659 2.19551 1.94076 2.59342 1.83428 1.38525 1.17336 1.16764 1.05198
threshold=0.57291415714534144 0.84953773515527631 0.40106263428337602 -0.078603707485873184 0.14868996578017543 0.64965798362674654 0.7644647033135118 0.86152130806444904 -0.25542457110613687 0.55157352629955592 0.81534064232922765 0.99434419331623736 0.91555416274032209 0.4556909058663639
decision_type=2 2 2 2 2 2 2 2 2 2 2 2 2 2
left_child=2 4 7 10 -2 -6 -3 -1 -9 -7 -4 -11 -8 -5
right_child=1 6 3 13 5 9 12 8 -10 11 -12 -13 -14 -15
leaf_value=-0.068742649275515627 0.059879185053716755 0.053648929283303108 0.0087403225556630781 -0.069155009385896887 -0.020553438046628295 0.037299501952620918 0.052395581992247427 0.052535508525117597 -0.07052098318217899 -0.021792041932991241 0.058924124817117098 0.019246897386393486 0.068568080245949806 -0.039317259065259395
leaf_weight=283.65710400650278 26.515995098277926 53.030961277079768 6.6110006459057349 6.3326572235673693 9.9312002765946072 25.740880508325063 17.47820666898042 1.1136579792946579 1.3812225628644217 2.7621861081570414 2.8269190136343241 27.26319325726945 199.68721515871584 12.958226452115921
leaf_count=21298 310 1461 93 620 318 723 444 12 97 67 35 762 2237 778
internal_value=-1.71609e-10 0.0559071 -0.0643459 -0.0251685 0.0304543 0.0185782 0.0645938 -0.0682792 -0.0155914 0.025547 0.0237718 0.0154715 0.0672665 -0.0491122
internal_weight=677.291 362.41 314.881 28.7288 92.2135 65.6975 270.196 286.152 2.49488 55.7663 9.43792 30.0254 217.165 19.2909
internal_count=29255 6322 22933 1526 2180 1870 4142 21407 109 1552 128 829 2681 1398
is_linear=0
shrinkage=0.06


Tree=13
num_leaves=15
num_cat=0
split_feature=4 4 4 2 2 4 4 3 1 3 4 3 2 2
split_gain=609.996 24.3393 8.19497 12.1957 7.86372 8.68397 2.0217 1.57716 1.65723 1.39843 1.29735 1.19835 1.17959 1.08877
threshold=0.53616361786272315 0.91555416274032209 0.33004486113997111 0.035814808323948295 0.22957969935645986 0.68632454357222372 1.0205286969618339 0.8472066273223201 0.99434469350162946 0.78311174018792851 0.81589878326412302 0.88359769600279259 0.260223064222945 0.25124590625201426
decision_type=2 2 2 2 2 2 2 2 2 2 2 2 2 2
left_child=2 4 11 7 -2 -6 9 8 -4 -3 -7 -1 -8 -12
right_child=1 6 3 -5 5 10 12 -9 -10 -11 13 -13 -14 -15
leaf_value=-0.06825438300738948 0.055056581520013567 0.05739913938656252 -0.013092638781420946 -0.059453904450934389 -0.016202525618254457 0.023509054116361342 -0.080477737041706368 0.068784014232011859 0.044539372241702915 0.068471461429588348 0.002864913769617135 0.026029153130151535 0.032046693271291775 0.04354371846214166
leaf_weight=254.94298030855134 36.329067734070122 54.178427976556122 4.8520815940573794 24.042207253165543 17.322664628271013 35.0723895986157 0.37496042437851373 1.9389208890497682 2.8520064288750291 169.64904970768839 2.5776779688894775 0.48623076174408097 3.1772925294353627 29.209947803290561
leaf_count=20307 563 1491 90 2241 606 1005 5 19 48 1779 67 10 104 920
internal_value=-9.98604e-11 0.0535249 -0.0644065 -0.0365898 0.0317255 0.021657 0.0650786 0.0204155 0.00824238 0.0657914 0.0314659 -0.0680749 0.0201691 0.040245
internal_weight=637.006 347.891 289.114 33.6852 120.512 84.1827 227.38 9.64301 7.70409 223.827 66.86 255.429 3.55225 31.7876
internal_count=29255 6540 22715 2398 3161 2598 3379 157 138 3270 1992 20317 109 987
is_linear=0
shrinkage=0.06


Tree=14
num_leaves=15
num_cat=0
split_feature=4 4 4 2 4 2 3 2 3 2 4 1 4 4
split_gain=549.973 20.9232 11.6817 6.73173 6.8216 4.69081 2.38852 1.96098 1.71326 1.17103 7.00801 1.46806 1.10971 1.7404
threshold=0.57291415714534144 0.91555416274032209 0.4449411386959794 0.052906793703326023 0.7307350214846744 0.052906793703326023 0.86728152601218456 -0.24760649124311435 0.7644647033135118 -0.66218914204643375 0.29809939582232819 0.99434458204057585 0.99973212717473914 0.95874585114599353
decision_type=2 2 2 2 2 2 2 2 2 2 2 2 2 2
left_child=2 3 6 -2 -5 -4 9 -8 12 10 -1 -12 13 -3
right_child=1 8 5 4 -6 -7 7 -9 -10 -11 11 -13 -14 -15
leaf_value=-0.069914561362778002 0.060579608573803158 0.042393316958561834 0.020734825527675266 -0.00044888439929067375 0.035623565529210643 -0.040118549815453701 0.056371199470276079 -0.069283718000538841 0.066540423219385053 -0.067331748693048005 -0.035563521296312815 0.074989203840186425 0.02215055590925984 0.069646969697435696
leaf_weight=10.029523290693758 23.214118937030435 16.97614079201594 7.1740239262580898 27.588291606924031 59.741079917992465 12.515902320388703 1.0423872899264095 0.78293982008471985 175.00352460285649 240.55623446870595 0.58075582515448276 1.6929987799376247 3.9050191347487262 16.766567052341998
leaf_count=456 284 529 108 774 1885 873 10 62 2237 21388 17 19 101 512
internal_value=3.1207e-10 0.0530356 -0.0624723 0.0318617 0.0242279 -0.0179466 -0.0659147 0.00247388 0.0640425 -0.0664083 -0.0483535 0.0467521 0.0524312 0.0559355
internal_weight=597.57 323.195 274.375 110.543 87.3294 19.6899 254.685 1.82533 212.651 252.86 12.3033 2.27375 37.6477 33.7427
internal_count=29255 6322 22933 2943 2659 981 21952 72 3379 21880 492 36 1142 1041
is_linear=0
shrinkage=0.06


Tree=15
num_leaves=15
num_cat=0
split_feature=4 4 4 2 2 4 4 4 3 4 1 3 3 1
split_gain=495.253 20.8443 10.9789 6.97436 6.13983 4.97558 1.75513 1.20188 1.17592 1.22936 1.12368 2.12824 2.77153 1.88163
threshold=0.57291415714534144 0.89388724996930125 0.40106263428337602 0.052906793703326023 -0.078603707485873184 0.7307350214846744 1.0205286969618339 0.64965798362674654 0.78311174018792851 0.91555416274032209 0.99434433554926971 0.76910568157938419 0.76791254719313262 0.99434431405593127
decision_type=2 2 2 2 2 2 2 2 2 2 2 2 2 2
left_child=2 3 -1 10 -4 7 8 -5 -3 -10 11 12 -2 -13
right_child=1 6 4 5 -6 -7 -8 -9 9 -11 -12 13 -14 -15
leaf_value=-0.06582954527845418 0.040108662597444229 0.055281970264440969 0.018864370383839396 -0.017144509947023576 -0.044703029776752355 0.031635640166100432 0.018715004563338959 0.0091011086097189785 0.037086557957179578 0.0667290205638678 0.069046167349427853 0.072940266373720558 -0.10677376910022887 -0.04349238238766575
leaf_weight=229.91813241271302 1.2903920914977818 52.253682856447995 8.1505293902009743 9.8739303625188786 16.632611741544679 48.498819296539295 3.2661379909841335 17.263422085059574 5.2154489587992421 147.0378332529217 13.950140582397578 4.5862447805702686 0.72079772874712933 0.56077140383422364
leaf_count=21407 24 1656 128 325 1398 1570 109 449 162 1779 203 38 2 5
internal_value=1.76753e-10 0.0516396 -0.0617397 0.0286347 -0.0237974 0.0201243 0.0623513 -0.000448364 0.0630482 0.0657136 0.0591297 0.0398041 -0.0125331 0.0602548
internal_weight=559.219 304.518 254.701 96.7445 24.7831 75.6362 207.773 27.1374 204.507 152.253 21.1083 7.15821 2.01119 5.14702
internal_count=29255 6322 22933 2616 1526 2344 3706 774 3597 1941 272 69 26 43
is_linear=0
shrinkage=0.06


Tree=16
num_leaves=15
num_cat=0
split_feature=4 4 2 4 4 2 4 2 3 3 4 2 3 4
split_gain=445.973 24.0168 8.04561 5.99168 5.26621 7.11623 1.56765 1.53587 1.34193 1.96507 6.43504 1.22066 1.17024 1.07769
threshold=0.52078778381871305 0.88345276136678275 0.052906793703326023 0.70237479664194002 0.33004486113997111 0.035814808323948295 1.0205286969618339 0.56427957665138673 0.82887393586222202 0.82748499519603158 0.99973212717473914 0.31672341390619291 0.8472066273223201 0.61121863025216394
decision_type=2 2 2 2 2 2 2 2 2 2 2 2 2 2
left_child=4 2 -2 7 -1 12 8 -4 9 -3 -11 -5 -6 -9
right_child=1 6 3 11 5 -7 -8 13 -10 10 -12 -13 -14 -15
leaf_value=-0.065836298856443404 0.057832475729206134 0.059537670065714594 0.0045985162198429325 0.040414775482999439 0.0014294514587343222 -0.057225757353904193 0.019414069852164106 -0.052164106965663488 0.068950253110419663 0.070702817869300216 -0.10267539193932382 0.020635559242399522 0.064588661264540992 -0.012354980858818915
leaf_weight=203.72901576245204 20.48477727919817 126.52016418194398 13.317696681711823 16.680692354973871 6.2337383707053986 18.341106662992388 3.1926751240389413 3.684217551490292 63.528513914905488 2.3549965601414438 1.1455358713865278 34.391115325503051 1.2715141177177427 7.2966523673385382
leaf_count=20317 314 2779 406 567 130 2144 109 244 895 30 2 1092 15 211
internal_value=-2.86247e-10 0.0491164 0.0244892 0.0154269 -0.0625995 -0.0370864 0.0611151 -0.00909898 0.0618029 0.0583107 0.0139655 0.0270957 0.0121297 -0.0257114
internal_weight=522.172 292.597 95.8552 75.3704 229.575 25.8464 196.742 24.2986 193.549 130.021 3.50053 51.0718 7.50525 10.9809
internal_count=29255 6649 2834 2520 22606 2289 3815 861 3706 2811 32 1659 145 455
is_linear=0
shrinkage=0.06


Tree=17
num_leaves=15
num_cat=0
split_feature=4 4 4 2 4 2 3 3 1 3 4 2 1 4
split_gain=403.23 20.6977 9.6944 6.23808 4.83728 2.83557 2.38624 2.2085 4.45984 1.88026 1.03355 4.90172 1.07467 0.965288
threshold=0.57291415714534144 0.91555416274032209 0.4449411386959794 0.052906793703326023 0.7307350214846744 0.052906793703326023 0.80073386674416203 0.79934184502241934 0.9943441861507335 0.87428084948405649 0.29809939582232819 -0.66218914204643375 0.99434470105996753 0.64965798362674654
decision_type=2 2 2 2 2 2 2 2 2 2 2 2 2 2
left_child=2 3 9 -2 13 -4 7 -3 -9 10 -1 12 -12 -5
right_child=1 6 5 4 -6 -7 -8 8 -10 -11 11 -13 -14 -15
leaf_value=-0.065764391302391506 0.060193745205229 0.054938848659664495 0.015363867396812879 -0.016260070909855828 0.030642197602632697 -0.03541393886983496 0.067512617404503331 -0.10122946145542223 0.067472190009612576 0.01833499778846593 -0.020421711354995761 -0.061257736676349976 0.074612296405126038 0.0078140007199891635
leaf_weight=182.43608969356865 17.2103326395154 58.308761477470398 6.2219685316085842 9.4055944788269716 53.655143404903356 10.885774783091618 109.0418750019744 0.98872655630111639 1.3136771600693462 0.99389727693051 0.66206895373761909 16.61144964559935 1.2135774902999399 16.540221596835181
leaf_count=19638 284 1898 108 325 1885 873 1443 4 34 35 22 2243 14 449
internal_value=9.93593e-11 0.0495753 -0.060313 0.0274387 0.0203568 -0.0169464 0.0622074 0.052663 -0.00497375 -0.0639873 -0.0643945 -0.0508762 0.041067 -0.000913069
internal_weight=485.489 266.464 219.025 96.8113 79.601 17.1077 169.653 60.6112 2.3024 201.917 200.923 18.4871 1.87565 25.9458
internal_count=29255 6322 22933 2943 2659 981 3379 1936 38 21952 21917 2279 36 774
is_linear=0
shrinkage=0.06


Tree=18
num_leaves=15
num_cat=0
split_feature=4 4 2 4 4 2 3 4 2 4 3 2 1 3
split_gain=362.677 24.3133 6.32463 4.66003 4.64533 2.95036 2.42364 1.35082 1.21663 1.24156 1.06023 1.38183 0.917028 1.5838
threshold=0.52078778381871305 0.88345276136678275 0.052906793703326023 0.64965798362674654 0.40106263428337602 0.052906793703326023 0.82242221356985701 1.0205286969618339 0.55157352629955592 0.75476812130449222 0.86152130806444904 -0.25542457110613687 0.99434448999872471 0.82029655413577685
decision_type=2 2 2 2 2 2 2 2 2 2 2 2 2 2
left_child=4 2 -2 -4 10 -6 7 12 -5 -10 -1 -12 13 -3
right_child=1 6 3 8 5 -7 -8 -9 9 -11 11 -13 -14 -15
leaf_value=-0.064539240413418505 0.054453399669644485 0.050173321069284377 -0.018100633530698195 0.030655314200351828 0.005991895763827455 -0.049553127556849159 0.067653254125569662 0.0071649383344324132 -0.00239464971566273 0.022321585275570495 0.045899116541518403 -0.065641551645989588 0.060291252969253611 -0.0097013227502351987
leaf_weight=179.28245450067334 16.983350485563278 34.66122336126864 13.451170925050972 26.2393232047325 5.4402068667113772 9.3754451733548176 84.623800109140575 2.2314900259952983 11.638312916853467 19.70285149756819 0.72354261670261621 0.89374707359820493 44.228711255826056 1.666931154206394
leaf_count=21298 314 1147 604 889 92 1107 1072 76 327 700 12 97 1491 29
internal_value=1.64396e-10 0.0470905 0.0215603 0.0136957 -0.0614576 -0.0291574 0.0605127 0.0532139 0.0211235 0.0131434 -0.064103 -0.0157405 0.0544895 0.047426
internal_weight=451.143 255.427 88.015 71.0317 195.715 14.8157 167.412 82.7884 57.5805 31.3412 180.9 1.61729 80.5569 36.3282
internal_count=29255 6649 2834 2520 22606 1199 3815 2743 1916 1027 21407 109 2667 1176
is_linear=0
shrinkage=0.06


Tree=19
num_leaves=15
num_cat=0
split_feature=4 4 4 2 4 2 3 3 2 3 4 4 3 4
split_gain=326.346 20.8294 8.52192 5.35629 3.8211 3.02396 2.54299 1.29426 1.38617 1.02039 1.89634 1.03238 1.7448 1.32094
threshold=0.57291415714534144 0.91555416274032209 0.40782395009455691 0.052906793703326023 0.7307350214846744 -0.078603707485873184 0.78311174018792851 0.86152130806444904 -0.25542457110613687 0.78070373041051655 0.97747638405686632 0.99973212717473914 0.73015066337994294 0.95874585114599353
decision_type=2 2 2 2 2 2 2 2 2 2 2 2 2 2
left_child=2 3 7 -2 -5 -4 9 -1 -9 11 -11 13 -13 -3
right_child=1 6 5 4 -6 -7 -8 8 -10 10 -12 12 -14 -15
leaf_value=-0.064073414457300568 0.05801033741499674 0.04185485184320499 0.011795766997424262 -0.0012859493889219315 0.02762210106801893 -0.038420191568285023 0.066310465692167059 0.046243856406941911 -0.065066877130099232 0.065999348043069464 -0.062874157286984186 -0.018144687841056339 0.067778512910649805 0.06589968470459058
leaf_weight=165.32975535374135 14.439664837904273 16.861485373228788 6.5266989991068867 24.571531758527271 49.869075810944196 12.752034653211011 105.6432904554531 0.79656965099275112 0.81467049429193028 0.82749763131141552 0.81675891298800707 1.9603404438821592 1.5031898124143479 16.058574077673256
leaf_count=21406 284 694 123 774 1885 1294 1842 13 97 38 14 55 71 665
internal_value=4.79988e-10 0.0473975 -0.0591901 0.0245672 0.0180801 -0.0214199 0.0615212 -0.0635519 -0.0100367 0.0482164 0.00198343 0.0503058 0.0191464 0.053584
internal_weight=418.771 232.551 186.22 88.8803 74.4406 19.2787 143.671 166.941 1.61124 38.0278 1.64426 36.3836 3.46353 32.9201
internal_count=29255 6322 22933 2943 2659 1417 3379 21516 110 1537 52 1485 126 1359
is_linear=0
shrinkage=0.06


Tree=20
num_leaves=15
num_cat=0
split_feature=4 4 2 4 4 2 3 0 2 3 3 4 4 4
split_gain=292.6 23.8589 4.82831 4.57902 4.24057 4.64732 2.15968 1.01672 1.00895 0.99645 1.74692 1.16983 0.985758 1.45069
threshold=0.52078778381871305 0.91555416274032209 0.052906793703326023 0.70237479664194002 0.33004486113997111 0.035814808323948295 0.77026171251814368 0.77000000000000013 0.56427957665138673 0.80326115893524186 0.81352762146667035 0.81589878326412302 0.99973212717473914 0.95874585114599353
decision_type=2 2 2 2 2 2 2 2 2 2 2 2 2 2
left_child=4 2 7 8 -1 -6 12 -2 -4 -5 -11 -12 13 -3
right_child=1 6 3 9 5 -7 -8 -9 -10 10 11 -13 -14 -15
leaf_value=-0.063972900766708071 0.058953429636884609 0.03648213181870933 0.003480598470433889 0.029281375146562691 0.0088911432087893059 -0.053868613112289625 0.065231871385550713 0.01520233981485457 -0.02254238286478508 -0.021562165679286531 0.0020101701360878293 0.042970953922183364 0.012454324303222082 0.06483831271395632
leaf_weight=145.66491471859626 12.717837132513521 13.379117052070802 11.927275000605732 39.895338149246527 6.1551245748996761 13.705913864774628 103.19849265087396 2.2505450630560508 9.746585498098284 4.2250445398385628 4.5986082154558954 5.526814067736268 2.7469495060504405 12.623039759695528
leaf_count=20317 283 587 406 1574 145 2144 2118 49 455 121 148 234 108 566
internal_value=1.8009e-10 0.044886 0.0212305 0.01509 -0.0604268 -0.0344188 0.0611803 0.0523753 -0.00822176 0.0244042 0.0108453 0.024368 0.0466368 0.050248
internal_weight=388.362 222.836 90.888 75.9197 165.526 19.861 131.948 14.9684 21.6739 54.2458 14.3505 10.1254 28.7491 26.0022
internal_count=29255 6649 3270 2938 22606 2289 3379 332 861 2077 503 382 1261 1153
is_linear=0
shrinkage=0.06


Tree=21
num_leaves=15
num_cat=0
split_feature=4 4 4 2 4 3 2 3 2 4 2 2 4 1
split_gain=262.695 19.7013 7.90005 4.24132 3.10609 2.08733 1.69053 1.39171 3.15359 1.12135 1.06481 1.56618 1.06109 0.944692
threshold=0.57291415714534144 0.91555416274032209 0.4449411386959794 0.052906793703326023 0.7307350214846744 0.78311174018792851 0.34431183681861549 0.83820208561790255 -0.25542457110613687 1.0205286969618339 0.29991449996948633 0.052906793703326023 0.22160609917557147 0.99434433554926971
decision_type=2 2 2 2 2 2 2 2 2 2 2 2 2 2
left_child=2 3 7 13 -5 -3 10 -1 12 -7 11 -4 -9 -2
right_child=1 5 6 4 -6 9 -8 8 -10 -11 -12 -13 -14 -15
leaf_value=-0.063363326916944157 0.0305906578055711 0.047622288341359752 0.010951185089587933 -0.001336446815322257 0.025665526994316901 0.06622021613503172 -0.044637823698654933 -0.071610790951086398 -0.063802967447898623 0.0131018829251414 0.04910143460954202 -0.044451259242789039 0.064486587271523135 0.067051557928840391
leaf_weight=138.80195284541696 3.7456102818250647 32.745646048744675 5.1845725858584029 23.119729585014284 45.556170864612795 87.209184507839382 4.6597419038880608 0.24721341812983144 3.1843121279962352 1.4545802613720287 1.3398253330960859 2.8448371114209294 1.2440251996740697 8.0698834760114533
leaf_count=21401 70 1537 108 774 1885 1779 538 16 519 63 48 287 16 214
internal_value=3.20106e-10 0.0453069 -0.0580769 0.0222881 0.0165753 0.0605677 -0.0151039 -0.0622788 -0.0300818 0.0653488 -0.000415406 -0.00867802 0.0419247 0.0554931
internal_weight=359.407 201.901 157.506 80.4914 68.6759 121.409 14.029 143.478 4.67555 88.6638 9.36924 8.02941 1.49124 11.8155
internal_count=29255 6322 22933 2943 2659 3379 981 21952 551 1842 443 395 32 284
is_linear=0
shrinkage=0.06


Tree=22
num_leaves=15
num_cat=0
split_feature=4 4 2 4 2 4 3 1 4 4 2 2 4 2
split_gain=234.887 21.5495 4.01718 3.87451 3.7845 3.71826 2.1614 1.26952 1.04034 1.03728 0.78608 1.09574 0.762241 0.77807
threshold=0.52078778381871305 0.91555416274032209 0.052906793703326023 0.33004486113997111 0.035814808323948295 0.7307350214846744 0.78311174018792851 0.99434433554926971 1.0205286969618339 0.61121863025216394 0.080736204892211505 0.22957969935645986 0.57291415714534144 -0.6057678469816381
decision_type=2 2 2 2 2 2 2 2 2 2 2 2 2 2
left_child=3 2 7 -1 -5 9 -3 -2 -8 -4 -7 -12 13 -9
right_child=1 6 5 4 -6 10 8 12 -10 -11 11 -13 -14 -15
leaf_value=-0.063338084057692742 0.013073801007247166 0.046300049979348244 -0.023718601640097585 0.0078989972663953169 -0.052338768950102262 -0.07390114439464146 0.065919339036752664 -0.02210620566703261 0.013421764293005286 0.0031645897413264197 0.061172839453819433 0.022593101905601192 0.067304057307243634 0.070912516922089303
leaf_weight=121.59801528207026 2.5346521176397792 30.587819973996375 7.1250478764995959 5.5442165536806014 11.63248532428406 0.29059679061174293 79.546299026347697 0.74602232500910759 1.3825613548979152 18.801923769467976 2.8352829087525597 40.614254545071162 8.4858855558559281 0.57189602218568214
leaf_count=20317 81 1537 446 145 2144 4 1779 15 63 607 144 1737 214 22
internal_value=-2.06796e-10 0.0427177 0.0193695 -0.0595701 -0.0328955 0.0137809 0.0598871 0.0509249 0.0650225 -0.00422324 0.0244528 0.0251106 0.0607109 0.0182582
internal_weight=332.297 193.522 82.0056 138.775 17.1767 69.6671 111.517 12.3385 80.9289 25.927 43.7401 43.4495 9.8038 1.31792
internal_count=29255 6649 3270 22606 2289 2938 3379 332 1842 1053 1885 1881 251 37
is_linear=0
shrinkage=0.06


Tree=23
num_leaves=15
num_cat=0
split_feature=4 4 4 2 4 3 2 4 1 2 4 2 4 4
split_gain=209.898 20.3711 3.76255 3.75833 3.30628 2.20185 1.51304 1.27783 1.03673 0.96953 0.948635 0.918769 3.04386 0.769715
threshold=0.52078778381871305 0.91555416274032209 0.40106263428337602 0.052906793703326023 0.64965798362674654 0.78311174018792851 0.052906793703326023 0.81589878326412302 0.99434433554926971 0.55157352629955592 1.0205286969618339 -0.78875190844849852 0.28708837802040804 1.0077376954543686
decision_type=2 2 2 2 2 2 2 2 2 2 2 2 2 2
left_child=2 3 11 8 -5 13 -4 9 -2 -6 -7 12 -1 -3
right_child=1 5 6 4 7 10 -8 -9 -10 -11 -12 -13 -14 -15
leaf_value=-0.061609812096212184 0.015238167631137304 0.047755970841432016 0.0022884877004274136 -0.016632627628263591 0.022794061045162531 0.065594184937623687 -0.043510658303716712 0.030298081008278757 0.060052620228967429 0.0022850643682197063 0.014297635998782362 -0.063377351309294699 0.056304952409581409 0.0091771235456832318
leaf_weight=3.6547998134046784 2.3521402031183234 26.515046128537509 4.3053492396138591 11.209129658527671 15.332535249239298 72.522135644219816 6.5436111325398088 22.069473985349759 8.8524299841374141 18.086525097023696 1.3215016927570093 111.35824818373658 1.0047883177176116 2.002407281426712
leaf_count=379 81 1450 92 604 617 1779 1107 1058 251 659 63 21000 28 87
internal_value=-2.22581e-10 0.0416116 -0.0591254 0.0184911 0.0130896 0.0592076 -0.0253355 0.0190937 0.0506449 0.0116945 0.0646762 -0.0622851 -0.0361828 0.0450471
internal_weight=307.13 180.263 126.867 77.9022 66.6977 102.361 10.849 55.4885 11.2046 33.4191 73.8436 116.018 4.65959 28.5175
internal_count=29255 6649 22606 3270 2938 3379 1199 2334 332 1276 1842 21407 407 1537
is_linear=0
shrinkage=0.06


Tree=24
num_leaves=15
num_cat=0
split_feature=4 4 4 2 4 3 2 1 4 3 3 3 4 3
split_gain=187.722 16.8817 6.56545 3.54663 2.28647 2.22385 1.42481 1.2018 1.03483 0.917414 0.897714 0.856497 0.784378 0.964287
threshold=0.57291415714534144 0.91555416274032209 0.40782395009455691 0.052906793703326023 0.7307350214846744 0.80073386674416203 -0.0091237657230511925 0.99434433554926971 1.0077376954543686 0.86728152601218456 0.73015066337994294 0.79530761270087369 0.95874585114599353 0.7644647033135118
decision_type=2 2 2 2 2 2 2 2 2 2 2 2 2 2
left_child=2 3 9 7 -5 8 -4 -2 12 -1 -10 -12 13 -3
right_child=1 5 6 4 -6 -7 -8 -9 10 -11 11 -13 -14 -15
leaf_value=-0.062461703147193057 0.01287310111238925 0.028063757869673231 0.0063083910259397859 -0.0019180568178600163 0.0226850798896783 0.065493336344458031 -0.033004768816500329 0.066665651045320615 -0.029066600639965252 0.0021991418719831922 0.069132465739780075 -0.039219585983068926 0.058742636773158143 0.058374506788985966
leaf_weight=105.2721900891047 1.9087589653208832 9.6991937803104538 5.208281299099327 20.685279062541667 39.690918297448661 59.687409560196102 9.1483246278949046 6.9002680955454707 1.1705721363541663 0.79589562513865431 1.0527444751933215 0.34993747994303692 15.828957574442027 6.189788118004798
leaf_count=21446 70 529 127 774 1885 1443 1290 214 36 70 70 8 926 367
internal_value=-8.81771e-11 0.0419383 -0.0568223 0.0194449 0.0142559 0.0584975 -0.0187428 0.0550098 0.0463205 -0.0619765 0.00972693 0.0421011 0.0492893 0.0398718
internal_weight=283.589 163.164 120.425 69.1852 60.3762 93.9786 14.3566 8.80903 34.2912 106.068 2.57325 1.40268 31.7179 15.889
internal_count=29255 6322 22933 2943 2659 3379 1417 284 1936 21516 114 78 1822 896
is_linear=0
shrinkage=0.06


Tree=25
num_leaves=15
num_cat=0
split_feature=4 4 2 4 4 2 3 1 1 4 3 4 3 2
split_gain=167.986 19.4633 2.79269 2.51812 2.09573 3.00261 2.00894 1.35716 1.06495 0.942028 0.921607 1.04127 0.914167 0.816329
threshold=0.49293218315933424 0.88345276136678275 0.052906793703326023 0.64965798362674654 0.29809939582232819 0.035814808323948295 0.82242221356985701 0.99434449664781599 0.99434433554926971 0.57291415714534144 0.82029655413577685 0.97002176804720486 0.82029655413577685 0.31672341390619291
decision_type=2 2 2 2 2 2 2 2 2 2 2 2 2 2
left_child=4 2 8 -4 -1 12 7 10 -2 -10 -3 -12 -6 -5
right_child=1 6 3 13 5 -7 -8 -9 9 -11 11 -13 -14 -15
leaf_value=-0.06302648108846455 0.0087910274103438005 0.038870242757470023 -0.016401308780948146 0.026848911170714734 -0.011634013265955678 -0.055733949436909694 0.06522848833119875 0.056698438390709059 0.016628298790858101 0.065820285982645541 0.065798310457201498 -0.07394609175412338 0.052761020251517042 0.0092731410739490937
leaf_weight=89.311730978544801 2.5204143496230227 20.354920415207747 11.718281771754844 14.026662746735381 2.8669160555582489 9.7539682373171654 45.826498439535499 26.450390446465462 1.8544671256095169 5.7369570359587669 0.29509427864104409 0.549204021692276 1.0974400443956254 29.567190151312388
leaf_count=19663 86 1192 792 664 141 2563 1072 1520 57 201 21 10 21 1252
internal_value=-2.93072e-11 0.0386915 0.0135912 0.00829088 -0.0596727 -0.0378384 0.0562592 0.0476332 0.0425839 0.0538034 0.0363224 -0.0251034 0.00619226 0.0149283
internal_weight=261.93 158.9 65.424 55.3121 103.03 13.7183 93.4761 47.6496 10.1118 7.59142 21.1992 0.844298 3.96436 43.5939
internal_count=29255 6867 3052 2708 22388 2725 3815 2743 344 258 1223 31 162 1916
is_linear=0
shrinkage=0.06


Tree=26
num_leaves=15
num_cat=0
split_feature=4 4 2 4 3 4 2 1 4 4 2 4 3 1
split_gain=149.935 18.7626 2.4749 2.76422 2.15072 1.98871 2.6016 0.951404 0.944612 0.890491 0.771516 0.767838 0.734577 0.646852
threshold=0.49293218315933424 0.91555416274032209 0.052906793703326023 0.70237479664194002 0.78311174018792851 0.29809939582232819 0.035814808323948295 0.99434433554926971 0.57291415714534144 1.0205286969618339 0.56427957665138673 0.61121863025216394 0.82029655413577685 0.99434448009499443
decision_type=2 2 2 2 2 2 2 2 2 2 2 2 2 2
left_child=5 2 7 10 13 -1 12 -2 -9 -6 -4 -12 -7 -3
right_child=1 4 3 -5 9 6 -8 8 -10 -11 11 -13 -14 -15
leaf_value=-0.062821810791571578 0.010564697747380142 0.030179200610532232 0.0019103598500331508 0.018920578338912416 0.065066685438714467 -0.011204599214975873 -0.054838856147784852 0.015617931068810778 0.066173797102589915 0.010541849283608155 -0.048167959258949608 -0.0094805985176831097 0.049032311708677813 0.05065048590352024
leaf_weight=81.08894027187489 2.4399783490225655 9.4973896054434608 10.281942821806298 41.012210866610985 54.76983047882095 2.7348869424313302 8.9152674251236004 1.7574686044827101 5.4764405130408704 1.0999649334698904 2.8136693928390724 5.3748420383781195 0.99358793348073948 13.392128492705522
leaf_count=19663 91 627 489 2077 1779 141 2563 57 214 63 349 211 21 910
internal_value=-1.83982e-10 0.0376226 0.0148179 0.0102405 0.0576469 -0.0593708 -0.0372381 0.0429633 0.0538913 0.0639932 -0.00903298 -0.022774 0.00484772 0.0421565
internal_weight=241.649 147.916 69.1566 59.4827 78.7593 93.7327 12.6437 9.67389 7.23391 55.8698 18.4705 8.18851 3.72847 22.8895
internal_count=29255 6867 3488 3126 3379 22388 2725 362 271 1842 1049 560 162 1537
is_linear=0
shrinkage=0.06


Tree=27
num_leaves=15
num_cat=0
split_feature=4 4 2 4 3 4 2 4 4 1 1 3 3 4
split_gain=133.619 17.542 2.17447 2.50793 2.13273 1.94084 1.81931 1.02871 0.893913 0.864347 0.735878 0.712717 0.772905 0.701561
threshold=0.49293218315933424 0.91555416274032209 0.052906793703326023 0.7307350214846744 0.80073386674416203 0.33004486113997111 0.035814808323948295 1.0077376954543686 0.57291415714534144 0.99434433554926971 0.99434448009499443 0.73015066337994294 0.79530761270087369 0.94283047465391923
decision_type=2 2 2 2 2 2 2 2 2 2 2 2 2 2
left_child=5 2 8 -4 7 -1 -7 10 -2 -10 -3 -9 -13 -12
right_child=1 4 3 -5 -6 6 -8 11 9 -11 13 12 -14 -15
leaf_value=-0.062265651883817025 0.01036291531867058 0.035103828344350857 -0.005929716955353527 0.019894701878965367 0.065053812239034184 0.0041501968420593434 -0.051727043658655256 -0.031694620693830326 0.014993787740688817 0.065975793590675416 0.034870695216834328 0.067640955467143854 -0.047975005841763334 0.063994320578976485
leaf_weight=75.671121357358061 2.3776496509090048 10.591589955147361 22.238733318983577 34.603128274553455 44.636024890467525 3.1063670036382955 6.4600598588585854 1.0424467689590522 1.5888847527094183 4.8560282788239419 4.1374528878368428 0.80536742229014613 0.28071138169616461 10.622713136952369
leaf_count=20317 78 763 1241 1885 1443 115 1956 36 70 214 279 70 8 780
internal_value=3.86801e-11 0.0365289 0.0140928 0.00979119 0.0569578 -0.0590465 -0.0335828 0.0438075 0.0418068 0.053407 0.0471713 0.00374378 0.0377585 0.0558306
internal_weight=223.018 137.781 65.6644 56.8419 72.1163 85.2375 9.56643 27.4803 8.82256 6.44491 25.3518 2.12853 1.08608 14.7602
internal_count=29255 6867 3488 3126 3379 22388 2071 1936 362 284 1822 114 78 1059
is_linear=0
shrinkage=0.06


Tree=28
num_leaves=15
num_cat=0
split_feature=4 4 3 2 4 4 2 4 4 0 1 1 4 4
split_gain=119.133 16.606 1.98342 1.97635 2.13918 1.90914 2.07699 0.782414 0.757149 0.65213 1.05459 1.02429 0.626478 0.780997
threshold=0.49293218315933424 0.91555416274032209 0.80073386674416203 0.22957969935645986 0.68632454357222372 0.29809939582232819 0.035814808323948295 0.57291415714534144 1.0205286969618339 0.77000000000000013 0.99434425143573302 0.99434417530928776 0.4556909058663639 0.46694562551403579
decision_type=2 2 2 2 2 2 2 2 2 2 2 2 2 2
left_child=5 3 8 7 -5 -1 -7 -2 9 -3 11 -11 -8 -14
right_child=1 2 -4 4 -6 6 12 -9 -10 10 -12 -13 13 -15
leaf_value=-0.062477684881799417 0.0061826900543783822 0.04906190610532641 0.064671242582037991 -0.013708298339206932 0.015060487448357364 0.0038874244470859481 -0.062064301025137131 0.042144647541282207 -0.0025526222798425528 0.06723757018477812 0.056337189322585662 -0.051876063732880701 0.021240888829415092 -0.062750500907539905
leaf_weight=66.799667361308821 2.7838487450499079 21.482041837181903 40.657896040938795 12.406796517781912 37.215871988562867 3.3575527188368124 5.8426678332034498 10.007238478399811 1.2344145759125229 0.35438762186095052 1.2701825764961538 0.97476842720061541 0.81881165970116832 0.77650883770547807
leaf_count=19663 124 1702 1443 856 1992 162 2258 516 63 31 103 37 102 203
internal_value=-1.50663e-10 0.0354738 0.0564621 0.0132884 0.00786764 -0.0586942 -0.0352834 0.0343179 0.0432781 0.0456273 0.0172427 -0.0201173 -0.0529653 -0.0196412
internal_weight=205.983 128.387 65.9737 62.4138 49.6227 77.5952 10.7955 12.7911 25.3158 24.0814 2.59934 1.32916 7.43799 1.59532
internal_count=29255 6867 3379 3488 2848 22388 2725 640 1936 1873 171 68 2563 305
is_linear=0
shrinkage=0.06


Tree=29
num_leaves=15
num_cat=0
split_feature=4 4 3 4 2 2 4 4 1 4 2 3 4 1
split_gain=106.257 15.6649 1.89187 1.86982 1.98289 1.74488 2.03387 0.996459 0.845055 0.789295 0.665173 0.654197 0.969834 0.651616
threshold=0.49293218315933424 0.91555416274032209 0.78311174018792851 0.29809939582232819 0.035814808323948295 0.052906793703326023 0.7307350214846744 1.0205286969618339 0.99434433554926971 0.57291415714534144 0.27047084037368069 0.78070373041051655 0.97747638405686632 0.9943443770546605
decision_type=2 2 2 2 2 2 2 2 2 2 2 2 2 2
left_child=3 5 11 -1 -5 8 -7 -4 -2 -10 -9 -3 -13 -8
right_child=1 2 7 4 -6 6 13 10 9 -11 -12 12 -14 -15
leaf_value=-0.062414432282098087 0.0069874451418085312 0.042227357915186309 0.064317294473647119 0.0039408993637043144 -0.053034628871151256 -0.0061888723041819416 0.0052132442904635999 -0.090269917932611521 0.014795922359952522 0.065994254518474335 0.029347831104149506 0.064717151317259303 -0.067416623572244955 0.023872954633011187
leaf_weight=60.513814368285239 2.0779309067875138 17.349445400352128 41.197323833592236 3.2681252441834641 6.7219626703299582 20.310086033365224 9.7260177496355045 0.2154920008033504 1.4933756990358231 3.954395885579288 0.74924391787499189 0.34215553011745115 0.48122760839760303 21.92455865588272
leaf_count=19663 91 1485 1779 162 2563 1241 530 3 57 214 60 38 14 1355
internal_value=-2.83617e-10 0.0343892 0.0559305 -0.0584443 -0.0343958 0.0125406 0.00862983 0.0629058 0.0395422 0.0519595 0.00262895 0.0397474 -0.0125086 0.0181389
internal_weight=190.325 119.821 60.3349 70.5039 9.99009 59.4864 51.9607 42.1621 7.5257 5.44777 0.964736 18.1728 0.823383 31.6506
internal_count=29255 6867 3379 22388 2725 3488 3126 1842 362 271 63 1537 52 1885
is_linear=0
shrinkage=0.06


Tree=30
num_leaves=15
num_cat=0
split_feature=4 4 3 4 2 2 3 4 2 4 4 4 0 3
split_gain=95.0424 15.6028 1.8334 1.52288 1.83508 0.975547 1.04347 0.93753 0.837121 1.54508 0.817567 1.61081 0.754253 0.701351
threshold=0.4556909058663639 0.91555416274032209 0.7644647033135118 0.61121863025216394 0.052906793703326023 0.56427957665138673 0.69382844514380193 0.84953773515527631 -0.78875190844849852 0.22160609917557147 0.95874585114599353 0.99973212717473914 0.77000000000000013 0.73015066337994294
decision_type=2 2 2 2 2 2 2 2 2 2 2 2 2 2
left_child=8 3 10 5 12 -2 -7 -6 9 -1 -3 -12 -5 -13
right_child=1 2 -4 4 7 6 -8 -9 -10 -11 11 13 -14 -15
leaf_value=-0.064013267965341611 0.0016757216526684291 0.020374877054828707 0.061389968477801475 0.067237027789090992 0.0073152024690296674 0.024676291212962675 -0.05841314938201788 0.028032021478475576 -0.061400526674954638 0.027280734705114246 0.068121187745168191 -0.023813479451331526 -0.0082151669810954179 0.067794912857196438
leaf_weight=1.6802269746549421 8.475593045819549 6.4208918828517181 42.442133205477148 3.192235144320875 33.127049646805972 0.71784497913904433 2.2482647814322263 10.311875435523687 59.052117710467428 1.1071074610808862 4.7955926726572216 1.21599009813508 0.56073211552575219 0.39977480145171274
leaf_count=349 584 529 2237 196 1753 60 446 739 21644 68 512 55 37 46
internal_value=8.31446e-11 0.0325103 0.0553814 0.0109496 0.0157108 -0.00868854 -0.0383042 0.0122331 -0.0598839 -0.027752 0.0355084 0.0506643 0.0559637 -0.0011476
internal_weight=175.747 113.908 55.2744 58.6336 47.1919 11.4417 2.96611 43.4389 61.8395 2.78733 12.8322 6.41136 3.75297 1.61576
internal_count=29255 7194 3379 3815 2725 1090 506 2492 22061 417 1142 613 233 101
is_linear=0
shrinkage=0.06


Tree=31
num_leaves=15
num_cat=0
split_feature=4 4 3 4 2 4 4 2 4 3 3 0 3 2
split_gain=84.814 14.5618 1.67969 1.54195 1.81933 0.836628 0.810448 0.791843 1.38596 0.777171 0.661594 0.653707 0.583754 0.564677
threshold=0.4556909058663639 0.91555416274032209 0.78311174018792851 0.61121863025216394 0.052906793703326023 0.81589878326412302 1.0205286969618339 -0.78875190844849852 0.22160609917557147 0.86728152601218456 0.74414850262607712 0.77000000000000013 0.78186699410832694 0.34431183681861549
decision_type=2 2 2 2 2 2 2 2 2 2 2 2 2 2
left_child=7 3 -3 9 11 -6 -4 8 -1 10 13 -5 -10 -2
right_child=1 2 6 4 5 -7 -8 -9 12 -11 -12 -13 -14 -15
leaf_value=-0.063756073037149683 0.017160607875118118 0.038485457296159313 0.063572473810037666 0.066752047671542289 0.0052647208893287379 0.023095624937648541 0.0036431814469155867 -0.061189362058831215 -0.043053777487622451 0.065731882822860965 -0.028261138925939434 -0.0067108916440434411 0.054704934787604638 -0.027051042833332907
leaf_weight=1.5227275355719023 3.1524803626816684 15.621870493225286 34.160299271112308 3.0589437526650722 26.578989773988724 14.719024187885223 0.83215036801993747 53.566672027751338 0.31251785682979949 0.46214201813563782 5.3568143281154335 0.50855994643643487 0.7419820842333138 1.5519828835967926
leaf_count=349 209 1537 1779 196 1434 1058 63 21644 40 23 613 37 28 245
internal_value=2.08453e-10 0.0315807 0.0548442 0.0103226 0.015171 0.0116198 0.0621473 -0.0596264 -0.0271408 -0.010348 -0.0138426 0.0562797 0.0257326 0.00257537
internal_weight=162.147 106.003 50.6143 55.3889 44.8655 41.298 34.9924 56.1439 2.57723 10.5234 10.0613 3.5675 1.0545 4.70446
internal_count=29255 7194 3379 3815 2725 2492 1842 22061 417 1090 1067 233 68 454
is_linear=0
shrinkage=0.06


Tree=32
num_leaves=15
num_cat=0
split_feature=4 4 3 4 2 2 4 4 2 3 4 4 3 3
split_gain=75.5658 13.4662 1.74004 1.3364 1.6169 1.08556 1.62517 0.720181 0.684845 0.825385 0.639764 0.715681 0.701137 1.04648
threshold=0.4556909058663639 0.91555416274032209 0.80073386674416203 0.61121863025216394 0.052906793703326023 -0.78875190844849852 0.28708837802040804 0.84953773515527631 0.56427957665138673 0.69382844514380193 1.0077376954543686 0.95874585114599353 0.7644647033135118 0.79934184502241934
decision_type=2 2 2 2 2 2 2 2 2 2 2 2 2 2
left_child=5 3 10 8 -5 6 -1 -6 -2 -10 11 12 -3 -14
right_child=1 2 -4 4 7 -7 -8 -9 9 -11 -12 -13 13 -15
leaf_value=-0.059795466065456632 -0.00087387980339632759 0.019031837713750468 0.063483664469710335 0.055594446392120925 0.0065375158971340466 -0.061162380479264832 0.040224776209778233 0.02573154989857979 0.021390851587390555 -0.057146962976038336 0.0036291640477363763 0.056139550671050899 0.06687874066820082 -0.047230135563178004
leaf_weight=1.477042552782222 7.2428903996478748 5.7374586304649764 28.135852263309062 3.164495058823376 30.169911150122061 48.703361718042288 0.96816098620183755 9.1783114108256978 0.64673056616447899 1.8881368701113386 1.6095493962639 8.0533029511570913 2.7099305468145762 0.323914483655244
leaf_count=379 584 529 1443 233 1753 21644 38 739 60 446 114 926 354 13
internal_value=1.29074e-10 0.0306309 0.054096 0.00973294 0.014333 -0.0592038 -0.0201932 0.0110147 -0.0102679 -0.0371093 0.0397676 0.0432249 0.0313674 0.0546957
internal_weight=150.009 98.8605 46.57 52.2905 42.5127 51.1486 2.4452 39.3482 9.77776 2.53487 18.4342 16.8246 8.7713 3.03385
internal_count=29255 7194 3379 3815 2725 22061 417 2492 1090 506 1936 1822 896 367
is_linear=0
shrinkage=0.06


Tree=33
num_leaves=15
num_cat=0
split_feature=4 4 3 4 2 2 3 4 2 3 1 4 1 4
split_gain=67.5297 12.4166 1.65387 1.17344 1.43963 0.913251 1.36718 0.661455 0.609775 0.68298 0.609769 0.582156 0.586282 0.690189
threshold=0.4556909058663639 0.91555416274032209 0.80073386674416203 0.61121863025216394 0.052906793703326023 -0.78875190844849852 0.82029655413577685 0.7307350214846744 0.56427957665138673 0.69382844514380193 0.99434415032599632 1.0077376954543686 0.99434448009499443 0.94283047465391923
decision_type=2 2 2 2 2 2 2 2 2 2 2 2 2 2
left_child=5 3 11 8 10 6 -1 -6 -2 -10 -5 12 -3 -14
right_child=1 2 -4 4 7 -7 -8 -9 9 -11 -12 -13 13 -15
leaf_value=-0.049927409366101363 -0.0011459323848017904 0.029009375126260471 0.062995894460804946 -0.082790183155291616 -0.0013738565314887798 -0.060967126199935558 0.055473369963224155 0.015851142513210115 0.017713084311664389 -0.056246862327523475 0.059971619296524316 0.003433388909643871 0.026933793725374178 0.063453145654595769
leaf_weight=1.6702862465754145 6.8955252995947358 6.7286964538507172 25.65404192218557 0.11204964015632812 11.646214891748967 44.120872113737278 0.602976549649611 25.81681689992547 0.61053372768219594 1.7040257160551844 2.7791025226470083 1.5172098070033833 2.6616836693137866 6.2091595460660756
leaf_count=391 584 763 1443 5 607 21644 26 1885 60 446 228 114 279 780
internal_value=1.70407e-10 0.0296731 0.0533585 0.00923413 0.0136446 -0.0590563 -0.0219701 0.0104964 -0.0100904 -0.0367377 0.0544387 0.0389142 0.042365 0.0524956
internal_weight=138.729 92.3351 42.7708 49.5643 40.3542 46.3941 2.27326 37.463 9.21008 2.31456 2.89115 17.1167 15.5995 8.87084
internal_count=29255 7194 3379 3815 2725 22061 417 2492 1090 506 233 1936 1822 1059
is_linear=0
shrinkage=0.06


Tree=34
num_leaves=15
num_cat=0
split_feature=4 4 3 4 3 4 2 2 3 3 1 3 4 3
split_gain=60.3138 11.4367 1.58231 1.64072 1.3947 1.02506 1.27572 0.837327 0.968187 0.694499 0.751465 0.63342 0.618662 0.586389
threshold=0.4556909058663639 0.91555416274032209 0.82887393586222202 0.99973212717473914 0.82748499519603158 0.61121863025216394 0.052906793703326023 -0.78875190844849852 0.82029655413577685 0.73015066337994294 0.99434415032599632 0.78311174018792851 0.84953773515527631 0.78070373041051655
decision_type=2 2 2 2 2 2 2 2 2 2 2 2 2 2
left_child=7 5 3 11 9 -2 -7 8 -1 -5 -11 13 -8 -3
right_child=1 2 -4 4 -6 6 12 -9 -10 10 -12 -13 -14 -15
leaf_value=-0.045276957954528234 -0.0099160619777214371 0.042138026301526937 0.066886331893592443 -0.022544140789963273 -0.10791948831558183 0.053512638400367789 0.00564218054801426 -0.060659064810396651 0.055878262900407726 -0.061494490169103883 0.058685072952254135 0.060361728434130325 0.024359012342824993 -0.021149058705440101
leaf_weight=1.2655979513656337 8.6845170574961212 10.728649094467986 16.213178147561848 1.0039007668965494 0.37337420368567098 2.5973417146597049 27.532667549501639 40.360921475570649 0.46607421641238023 0.21830672537907947 1.3189754954073576 9.0136759185697866 8.2663646829314512 0.55428738286718804
leaf_count=391 1090 1359 837 55 4 233 1753 21644 26 8 163 904 739 49
internal_value=-5.38272e-11 0.0286632 0.052504 0.0424578 0.000361317 0.00869948 0.01291 -0.0589062 -0.0180513 0.0162709 0.0416186 0.0485028 0.00996409 0.039029
internal_weight=128.598 86.5052 39.4243 23.2112 2.91456 47.0809 38.3964 42.0926 1.73167 2.54118 1.53728 20.2966 35.799 11.2829
internal_count=29255 7194 3379 2542 230 3815 2725 22061 417 226 171 2312 2492 1408
is_linear=0
shrinkage=0.06


Tree=35
num_leaves=15
num_cat=0
split_feature=4 4 3 3 4 3 2 2 4 2 0 1 0 4
split_gain=54.0789 10.7602 1.57984 0.959796 0.912994 1.01303 0.884237 0.801821 0.784658 1.37263 0.517469 0.515902 0.599321 0.623688
threshold=0.4556909058663639 0.91555416274032209 0.80073386674416203 0.83657787058855249 0.7307350214846744 0.80326115893524186 0.14576701760496172 0.25053201622310184 0.33004486113997111 -0.13325667210024092 0.63000000000000012 0.99434449664781599 0.6100000000000001 0.94283047465391923
decision_type=2 2 2 2 2 2 2 2 2 2 2 2 2 2
left_child=8 3 11 4 6 -6 -2 -7 -1 10 -10 -3 13 -13
right_child=1 2 -4 -5 5 7 -8 -9 9 -11 -12 12 -14 -15
leaf_value=-0.061401702434323267 0.020625818894985704 0.02520062141514632 0.062833348157934107 0.038459864338780431 0.020758413353364109 0.069610785506813419 -0.010862219930459514 -0.017247668523692822 -0.043732329228253944 -0.061343082379112415 0.04004719037101296 -0.013639636937735027 0.059775043206537912 0.045866705601819997
leaf_weight=34.866347843315452 4.0988800665363696 6.8439741064794344 21.150698450626805 3.4823648851597673 17.285310500185009 0.41765173547901113 14.814029638306236 4.5601206716964953 0.36808539950288854 2.1097965255030422 0.95143370458390564 0.96823275438509915 5.1688098860904574 1.8372891629114745
leaf_count=20317 270 854 1443 289 1457 54 1456 289 23 1663 58 85 754 243
internal_value=-2.91031e-11 0.0278847 0.0523081 0.00821342 0.0056554 0.0138901 -0.00403801 -0.00995995 -0.0587082 -0.031323 0.0166765 0.0372851 0.0476566 0.0253301
internal_weight=118.923 80.6274 35.969 44.6584 41.176 22.2631 18.9129 4.97777 38.2957 3.42932 1.31952 14.8183 7.97433 2.80552
internal_count=29255 7194 3379 3815 3526 1800 1726 343 22061 1744 81 1936 1082 328
is_linear=0
shrinkage=0.06


Tree=36
num_leaves=15
num_cat=0
split_feature=4 4 3 4 4 2 3 2 4 2 3 1 1 0
split_gain=48.5055 9.96825 1.52462 1.01296 0.970129 0.990561 0.747847 0.712501 0.687303 1.41376 0.588895 0.578622 1.36854 0.80443
threshold=0.4556909058663639 0.91555416274032209 0.82887393586222202 0.99973212717473914 0.64965798362674654 0.22957969935645986 0.82748499519603158 0.14576701760496172 0.29809939582232819 -0.13325667210024092 0.73015066337994294 0.99434430919799188 0.9943442932040788 0.77000000000000013
decision_type=2 2 2 2 2 2 2 2 2 2 2 2 2 2
left_child=8 4 3 11 7 -6 10 -2 -1 -10 -5 12 13 -3
right_child=1 2 -4 6 5 -7 -8 -9 9 -11 -12 -13 -14 -15
leaf_value=-0.061654739063786636 0.015065631993620989 0.062851822090825099 0.066673373516925857 -0.021676417397675025 0.042227261203157937 0.0091979865430444896 -0.098561672625447155 -0.018028652312286453 0.014072475752932858 -0.061292601861180414 0.041663269495824155 0.052168337088717764 -0.048840884195352013 -0.001251537652731881
leaf_weight=30.814475178369321 3.4072234728373569 2.2199905030429434 14.075283404439686 0.90996696229558427 3.7058438027743277 27.715765406843275 0.23050443176180113 7.4908467505592853 1.3742188622709366 2.5752606911701141 1.2603163335006682 12.635103596374391 0.72146828728727985 1.0325132624711839
leaf_count=19663 228 350 837 55 370 2137 4 1080 120 2278 171 1812 46 104
internal_value=-3.68683e-11 0.0270323 0.0517049 0.040622 0.00774342 0.0130934 0.00419245 -0.0076819 -0.0586344 -0.0350694 0.0151059 0.0458878 0.0259189 0.0425021
internal_weight=110.169 75.4048 33.0851 19.0099 42.3197 31.4216 2.40079 10.8981 34.764 3.94948 2.17028 16.6091 3.97397 3.2525
internal_count=29255 7194 3379 2542 3815 2507 230 1308 22061 2398 226 2312 500 454
is_linear=0
shrinkage=0.06


Tree=37
num_leaves=15
num_cat=0
split_feature=4 4 3 4 2 4 2 3 4 4 3 3 3 0
split_gain=43.469 9.25193 1.46519 0.928231 0.909408 0.633422 1.23781 0.609102 0.451953 0.574055 0.481999 0.808172 0.520193 0.45994
threshold=0.4556909058663639 0.91555416274032209 0.80073386674416203 0.64965798362674654 0.22957969935645986 0.29809939582232819 -0.13325667210024092 0.86728152601218456 1.0077376954543686 0.95005136042471061 0.79934184502241934 0.7644647033135118 0.76327132304880385 0.6100000000000001
decision_type=2 2 2 2 2 2 2 2 2 2 2 2 2 2
left_child=5 3 8 7 -5 -1 -7 -2 9 10 11 12 13 -3
right_child=1 2 -4 4 -6 6 -8 -9 -10 -11 -12 -13 -14 -15
leaf_value=-0.061559132327207985 -0.011122101794801472 -0.014689437065391067 0.062537792807453044 0.041117051415486765 0.0088965722857774314 0.011872875624535238 -0.061231202681143605 0.064696248819396063 0.00067905596199187301 0.050352775557530496 -0.065965653256104317 0.067342261612952703 -0.073209468231993591 0.035969243832309983
leaf_weight=27.965149655821737 9.8468437310075352 1.0081883869133914 17.566577151534148 3.5782600108068463 26.568077371281106 1.3039231754373761 2.3127718457835718 0.3968284912407406 1.1991343327099446 6.8573738147970289 0.20990084088407446 1.2704030441818757 0.24636646802537132 1.7920382749289272
leaf_count=19663 1275 104 1443 370 2137 120 2278 33 114 1174 12 246 10 276
internal_value=3.82002e-11 0.0261928 0.0513431 0.00741887 0.012721 -0.0585033 -0.0348751 -0.00818498 0.0357153 0.0394057 0.0228231 0.0271402 0.0103762 0.0177302
internal_weight=102.122 70.54 30.15 40.39 30.1463 31.5818 3.6167 10.2437 12.5834 11.3843 4.5269 4.317 3.04659 2.80023
internal_count=29255 7194 3379 3815 2507 22061 2398 1308 1936 1822 648 636 390 380
is_linear=0
shrinkage=0.06


Tree=38
num_leaves=15
num_cat=0
split_feature=4 4 3 3 4 4 3 2 4 2 3 2 0 2
split_gain=38.9504 8.65321 1.32445 0.889256 0.848 0.846104 0.764659 0.728023 0.58807 1.16472 0.449721 0.445975 0.468901 0.432322
threshold=0.4556909058663639 0.91555416274032209 0.78311174018792851 0.83657787058855249 1.0205286969618339 0.7307350214846744 0.80326115893524186 0.25053201622310184 0.28708837802040804 -0.13325667210024092 0.78186699410832694 0.14576701760496172 0.65000000000000002 0.27047084037368069
decision_type=2 2 2 2 2 2 2 2 2 2 2 2 2 2
left_child=8 3 -3 5 -4 11 -7 -8 -1 10 -10 12 -2 -6
right_child=1 2 4 -5 13 6 7 -9 9 -11 -12 -13 -14 -15
leaf_value=-0.061608431734145493 0.047266490828954982 0.032557244831391143 0.062637658152580503 0.037952917174873264 -0.09213758529867408 0.018989368319814622 0.068853075518338899 -0.017245076846413143 -0.025336895660451605 -0.06115425720679693 0.045606770554690576 -0.011090544031460403 -0.0015962791030260026 0.02183635349712976
leaf_weight=25.12300625329954 1.0294500421732657 9.3804821051890048 17.719708388205621 3.060985099291428 0.1673204880207767 15.166501617757605 0.38823224138468404 3.9585442538955249 0.64435793703887634 2.309470281150424 0.64234893384855241 12.692266844096592 2.2573003636207432 0.42196133849211037
leaf_count=19445 103 1537 1779 289 3 1457 54 289 97 2485 34 1456 167 60
internal_value=4.42985e-11 0.0253017 0.0508901 0.00692372 0.0602829 0.00424765 0.0126308 -0.00955522 -0.0583601 -0.0356669 0.0100796 -0.00598966 0.0137081 -0.0105254
internal_weight=94.9619 66.2428 27.6895 38.5533 18.309 35.4923 19.5133 4.34678 28.7192 3.59618 1.28671 15.979 3.28675 0.589282
internal_count=29255 7194 3379 3815 1842 3526 1800 343 22061 2616 131 1726 270 63
is_linear=0
shrinkage=0.06


Tree=39
num_leaves=15
num_cat=0
split_feature=4 4 3 2 4 1 4 4 2 4 2 2 5 4
split_gain=34.9878 7.92771 1.39004 0.732324 0.700222 0.615116 0.562785 0.536161 1.00824 0.518413 0.452104 0.543198 0.433195 0.430511
threshold=0.4556909058663639 0.88345276136678275 0.83185981497331374 0.31536181745975761 0.99973212717473914 0.99434448999872471 0.64965798362674654 0.28708837802040804 -0.13325667210024092 0.66857226192981167 0.29991449996948633 0.23659733286519807 0.72500000000000009 0.94283047465391923
decision_type=2 2 2 2 2 2 2 2 2 2 2 2 2 2
left_child=7 3 4 6 5 12 10 -1 -9 -5 11 -2 -3 -7
right_child=1 2 -4 9 -6 13 -8 8 -10 -11 -12 -13 -14 -15
leaf_value=-0.061521121135051343 0.0062984437434111902 0.02414330732707258 0.064865755858022872 -0.021677288916206686 0.0060143706477161782 0.036558122883602107 0.025035151166526513 0.0085239581239037205 -0.061095347508391573 0.0020691103357591959 0.052360379338924158 -0.038595478284953549 0.068014535411911714 0.063688309307785518
leaf_weight=22.891803215403346 3.8129341409075996 6.7504200832918384 10.4322934463853 4.2400257771369096 2.2358143279561764 3.5404742441605759 8.157009572547393 1.1883490273030477 2.024946526362327 15.0832420521765 0.54499831260181952 1.301418470800854 0.92078724014572788 5.1956171392230317
leaf_count=19445 340 1024 861 767 242 548 817 131 2485 1202 30 223 180 960
internal_value=-1.48109e-10 0.0244622 0.0473281 0.00440052 0.0375144 0.0418069 0.0149486 -0.0582995 -0.0353486 -0.00314147 0.000410471 -0.00512544 0.0294092 0.0526933
internal_weight=88.3201 62.215 29.0754 33.1396 18.6431 16.4073 13.8164 26.1051 3.2133 19.3233 5.65935 5.11435 7.67121 8.73609
internal_count=29255 7194 3815 3379 2954 2712 1410 22061 2616 1969 593 563 1204 1508
is_linear=0
shrinkage=0.06


Tree=40
num_leaves=15
num_cat=0
split_feature=4 4 3 4 4 3 2 4 2 3 3 4 2 3
split_gain=31.4282 7.2812 1.3278 0.890144 0.722572 0.621405 0.514812 0.497377 0.886567 0.453307 0.445109 0.788042 0.596195 0.504114
threshold=0.4556909058663639 0.91555416274032209 0.83185981497331374 0.99973212717473914 0.7307350214846744 0.85321546832649298 0.22957969935645986 0.28708837802040804 -0.13325667210024092 0.78311174018792851 0.78070373041051655 0.95874585114599353 0.20905149518528246 0.7644647033135118
decision_type=2 2 2 2 2 2 2 2 2 2 2 2 2 2
left_child=7 4 3 9 5 -2 -6 -1 -9 10 11 13 -13 -3
right_child=1 2 -4 -5 6 -7 -8 8 -10 -11 -12 12 -14 -15
leaf_value=-0.0614236636589372 -0.0063094921853317351 0.011092789361731832 0.067136316775964475 0.00076588064379347473 0.046821233069610071 0.047329282705884719 0.011005891912674643 0.0065248851163767227 -0.061045076291755963 0.057274309061530325 -0.028380912630737085 -0.047656572182519015 0.0686364354241428 0.06846725617259905
leaf_weight=20.809057483915243 14.703544228745155 3.3469196673249844 9.198568096267989 1.9935331560554903 1.575378135312351 0.8209466873668142 17.433330638334155 1.1341378045617605 1.8221881790959731 5.2946796179749072 0.38750061276368786 0.16865001735277507 2.6906210397137329 0.6600278541445731
leaf_count=19445 1773 529 783 242 225 80 1737 131 2485 946 49 12 653 165
internal_value=-1.59661e-10 0.0237157 0.0492951 0.0380096 0.00613072 -0.00347303 0.0139741 -0.058152 -0.0351232 0.0439264 0.0341834 0.0377143 0.0617771 0.0205436
internal_weight=82.0391 58.2737 23.7405 14.5419 34.5332 15.5245 19.0087 23.7654 2.95633 12.5484 7.25372 6.86622 2.85927 4.00695
internal_count=29255 7194 3379 2596 3815 1853 1962 22061 2616 2354 1408 1359 665 694
is_linear=0
shrinkage=0.06


Tree=41
num_leaves=15
num_cat=0
split_feature=4 4 3 4 4 2 3 4 2 3 3 2 1 4
split_gain=28.2819 6.71557 1.25332 0.760125 0.7049 0.586662 0.465216 0.463228 0.7796 0.40906 0.799706 0.555442 0.391038 0.441841
threshold=0.4556909058663639 0.91555416274032209 0.83185981497331374 0.99973212717473914 0.76745850746238398 0.38000357226236148 0.8503571513970053 0.28708837802040804 -0.13325667210024092 0.83657787058855249 0.80326115893524186 0.25053201622310184 0.99434448009499443 0.94283047465391923
decision_type=2 2 2 2 2 2 2 2 2 2 2 2 2 2
left_child=7 4 3 12 5 6 -2 -1 -9 10 -6 -12 -3 -14
right_child=1 2 -4 -5 9 -7 -8 8 -10 -11 11 -13 13 -15
leaf_value=-0.061340042940804869 0.0047612067196472546 0.030848010973105629 0.066924373116011612 0.0017996542453634476 0.020740455653507343 -0.013542816764370892 0.060494262647730578 0.0045310456413859669 -0.061000915845070267 0.050412346670140516 0.069850851870093517 -0.02077956785699488 0.028640926357307157 0.063252421835545469
leaf_weight=18.948700966342589 8.9910320345079526 5.1697680926881748 8.4117584356572461 1.8613435087609094 10.496756870299576 8.5247476178919879 0.57357375300489444 1.0864141879137608 1.6401943523960643 1.1197125358739857 0.26514137024059836 2.9743697465746664 1.8830778500996528 4.5027083336608484
leaf_count=19445 1014 1015 783 242 1197 1099 67 131 2485 146 43 249 355 984
internal_value=-2.5802e-10 0.022957 0.048767 0.0373832 0.00585595 -0.00209753 0.00810343 -0.0580128 -0.0348898 0.0155405 0.0126979 -0.0133618 0.043115 0.053046
internal_weight=76.4493 54.774 21.8287 13.4169 32.9453 18.0894 9.56461 21.6753 2.72661 14.856 13.7363 3.23951 11.5556 6.38579
internal_count=29255 7194 3379 2596 3815 2180 1081 22061 2616 1635 1489 292 2354 1339
is_linear=0
shrinkage=0.06


Tree=42
num_leaves=15
num_cat=0
split_feature=4 4 4 3 2 4 4 0 2 3 1 5 0 0
split_gain=25.5007 5.48164 1.357 1.20158 0.70806 0.696952 0.696839 0.485037 0.440821 0.405521 0.390706 0.595302 0.404244 0.470246
threshold=0.52078778381871305 0.91555416274032209 0.33004486113997111 0.83185981497331374 -0.0091237657230511925 0.99973212717473914 0.70237479664194002 0.77000000000000013 -0.5342651058166108 0.78311174018792851 0.99434430538807772 0.6150000000000001 0.77000000000000013 0.79000000000000015
decision_type=2 2 2 2 2 2 2 2 2 2 2 2 2 2
left_child=2 4 -1 5 7 9 -6 -2 -4 -3 11 -11 -13 -14
right_child=1 3 8 -5 6 -7 -8 -9 -10 10 -12 12 13 -15
leaf_value=-0.060718075074712913 0.051405876425976542 0.03254228563907495 0.01815262742188772 0.066801184129129498 -0.010877344200261542 0.0017281408416688539 0.010659646924523375 -0.020252083337643306 -0.032032053921355323 -0.078902230067509821 0.06684927222038238 0.067327705728152776 -0.086305325533443208 0.06703866153365845
leaf_weight=17.917137240117885 1.9431046551326319 6.2927223761798832 0.77328154910355795 7.6523567356634876 7.5541876213392269 1.7690227509010572 19.039555011084303 0.41218992264475662 3.4035408710187758 0.1653376193717121 3.2844253384973854 0.73865022044628836 0.15759713482111692 0.13254135497845709
leaf_count=20317 272 1408 55 783 868 242 2085 45 2234 8 720 176 7 35
internal_value=-4.97623e-11 0.0240708 -0.0535386 0.0480647 0.00733443 0.0366314 0.00454187 0.0388653 -0.022741 0.0423637 0.0561636 0.0267727 0.0437559 -0.0162546
internal_weight=71.2357 49.1417 22.094 20.1927 28.949 12.5403 26.5937 2.35529 4.17682 10.7713 4.47855 1.19413 1.02879 0.290138
internal_count=29255 6649 22606 3379 3270 2596 2953 317 2289 2354 946 226 218 42
is_linear=0
shrinkage=0.06


Tree=43
num_leaves=15
num_cat=0
split_feature=4 4 3 4 3 1 4 2 2 5 4 2 5 4
split_gain=23.0238 5.79399 1.13969 0.560032 0.512772 0.485319 0.477858 0.51197 0.445141 0.529314 0.418061 0.655974 0.366946 0.35712
threshold=0.4556909058663639 0.88345276136678275 0.83185981497331374 0.99973212717473914 0.83657787058855249 0.99434448999872471 0.66857226192981167 0.28992175372252821 0.25479496490761883 0.60500000000000009 0.28708837802040804 -0.13325667210024092 0.72500000000000009 0.94283047465391923
decision_type=2 2 2 2 2 2 2 2 2 2 2 2 2 2
left_child=10 4 3 5 6 12 -2 8 -8 -10 -1 -12 -3 -7
right_child=1 2 -4 -5 -6 13 7 -9 9 -11 11 -13 -14 -15
leaf_value=-0.061196806605222399 -0.011322645564596119 0.020871598284793937 0.063954285955343929 0.0021414175917220798 0.033463217318855779 0.03378143976544306 0.010688600014037482 0.00028438956973786818 0.076728216672855495 0.0025538659863952829 0.003343709612604974 -0.060941953477266067 0.068107849758742248 0.062348938522291238
leaf_weight=15.775413039431443 7.8481672257185044 4.9923182199127059 7.4553714263020074 1.6586900166585099 1.87818446708843 2.6906490931287408 3.1507078783470215 12.732020736148115 0.97234175121411659 0.53796553134452552 0.982002948818263 1.3667238475172769 0.67170171823818225 3.8004164072917774
leaf_count=19445 1326 1024 861 242 220 548 400 1231 150 52 131 2485 180 960
internal_value=-9.26244e-11 0.0216045 0.0450487 0.0348452 0.00321783 0.039308 0.000967285 0.0065128 0.0235263 0.0503076 -0.0576807 -0.0340641 0.0264734 0.0505073
internal_weight=66.5127 48.3885 21.2691 13.8138 27.1194 12.1551 25.2412 17.393 4.66102 1.51031 18.1241 2.34873 5.66402 6.49107
internal_count=29255 7194 3815 2954 3379 2712 3159 1833 602 202 22061 2616 1204 1508
is_linear=0
shrinkage=0.06


Tree=44
num_leaves=15
num_cat=0
split_feature=4 4 3 4 3 2 3 2 2 5 2 2 3 4
split_gain=20.778 5.27737 1.08453 0.573236 0.427882 0.418196 0.392025 0.333142 0.740223 0.349929 0.341524 0.369359 0.327262 0.299054
threshold=0.4556909058663639 0.91555416274032209 0.80073386674416203 0.7307350214846744 0.85321546832649298 0.22957969935645986 0.86728152601218456 0.25124590625201426 0.2856013610797063 0.60500000000000009 0.25000557765736559 0.23250398573856873 0.80466559488030776 0.88345276136678275
decision_type=2 2 2 2 2 2 2 2 2 2 2 2 2 2
left_child=6 3 -3 4 -2 -5 -1 10 9 -9 11 -7 -11 -10
right_child=1 2 -4 5 -6 7 -8 8 13 12 -12 -13 -14 -15
leaf_value=-0.058508213428166783 -0.0071514984876335742 0.030898231685135964 0.060988829540220231 0.046164213090895419 0.043614778327359834 -0.05456760200046281 0.029822880596716839 0.079522318408604339 0.0036475023649128135 0.054585382392897001 -0.06606013312578593 0.032711118409132656 -0.052844314925969069 0.029092337628060905
leaf_weight=16.388903816230599 11.949624280794524 8.065733437601013 9.2654129933216591 1.2304364764131577 0.6291580817196526 0.26762462803162523 0.18289811763679509 0.81627978803589829 10.025429927452931 0.26104780496098101 0.3987214476801455 0.50194454379379749 0.16763568285387009 1.9934927700087435
leaf_count=21989 1773 1936 1443 225 80 14 72 157 1061 41 20 79 9 356
internal_value=1.70002e-10 0.0209212 0.046985 0.00492636 -0.0046123 0.0125869 -0.0575333 0.00972427 0.0124297 0.0564701 -0.0209914 0.00235916 0.0125752 0.00786786
internal_weight=62.1443 45.5725 17.3311 28.2414 12.5788 15.6626 16.5718 14.4322 13.2639 1.24496 1.16829 0.769569 0.428683 12.0189
internal_count=29255 7194 3379 3815 1853 1962 22061 1737 1624 207 113 93 50 1417
is_linear=0
shrinkage=0.06


Tree=45
num_leaves=15
num_cat=0
split_feature=4 4 3 4 2 4 2 3 1 4 4 3 3 4
split_gain=18.7323 4.76049 1.07683 0.573177 0.561723 0.407219 0.575355 0.355549 0.315388 0.302407 0.352133 0.483418 0.555375 0.351352
threshold=0.4556909058663639 0.91555416274032209 0.80073386674416203 0.64965798362674654 0.052906793703326023 0.28708837802040804 -0.13325667210024092 0.86728152601218456 0.9943443770546605 1.0205286969618339 0.95874585114599353 0.7644647033135118 0.79934184502241934 0.97747638405686632
decision_type=2 2 2 2 2 2 2 2 2 2 2 2 2 2
left_child=5 3 9 7 -5 -1 -7 -2 -6 10 11 -3 -13 -12
right_child=1 2 -4 4 8 6 -8 -9 -10 -11 13 12 -14 -15
leaf_value=-0.061082483045998517 -0.013037118981412252 0.0059753960029680867 0.060378242486103462 0.055577626369061252 -0.0042430363800294562 0.0036039971309945367 -0.060868713808462691 0.062318363225731942 0.012592623015636314 -0.011815967770212751 0.068565200915859464 0.067604852651522745 -0.061955663298424189 0.029281283742444143
leaf_weight=13.192443924825055 6.5256417790078585 2.6011798075633155 8.6096162616740894 0.91950475249905395 5.709942314890216 0.89891090383753214 1.118086258866241 0.23347409197594959 13.421682149812112 0.59007150074467052 1.5060006316634829 1.0251751139294354 0.13476637355051924 1.7983666545478625
leaf_count=19445 1275 529 1443 173 647 131 2485 33 1687 63 503 354 13 474
internal_value=1.56857e-10 0.0202121 0.0458205 0.004676 0.00976955 -0.0572437 -0.0321353 -0.0104342 0.00756792 0.0294486 0.0328948 0.0203398 0.052552 0.0471853
internal_weight=58.2849 43.0754 16.2652 26.8102 20.0511 15.2094 2.017 6.75912 19.1316 7.65556 7.06549 3.76112 1.15994 3.30437
internal_count=29255 7194 3379 3815 2507 22061 2616 1308 2334 1936 1873 896 367 977
is_linear=0
shrinkage=0.06


Tree=46
num_leaves=15
num_cat=0
split_feature=4 4 3 4 1 4 2 4 2 1 4 4 1 4
split_gain=16.9393 4.35034 1.0832 0.574371 0.462897 0.42869 0.515379 0.381566 0.512119 0.368826 0.304257 0.55107 0.498581 0.294885
threshold=0.4556909058663639 0.88345276136678275 0.83185981497331374 0.99973212717473914 0.99434448999872471 0.61121863025216394 -0.35317589806488864 0.28708837802040804 -0.13325667210024092 0.99434421608831614 0.94283047465391923 0.94017865834999659 0.99434484511620747 0.9211356486119523
decision_type=2 2 2 2 2 2 2 2 2 2 2 2 2 2
left_child=7 5 3 4 9 -2 -7 -1 -9 -3 11 -6 -13 -11
right_child=1 2 -4 -5 10 6 -8 8 -10 13 -12 12 -14 -15
leaf_value=-0.061007411805942283 -0.013702919071105782 0.055176055761754147 0.063444832079220317 -0.0034701362476811759 0.044747195672656698 0.065761037159366209 0.0049889756925689316 0.0021465295575261232 -0.060834434198103228 -0.014262740623391553 0.061396805124338774 0.068097544340274638 -0.087789171613535666 0.024337182767373199
leaf_weight=12.059878381071028 4.6428881946485516 1.0242921859608047 5.8024361890275022 1.4621473736478936 1.9379099434008824 0.51669943740126356 18.110604374844112 0.86008601170033228 1.0112789639824755 0.95366009004646946 3.0357927105505951 0.10845514491666097 0.23156782623846084 2.817487450549379
leaf_count=19445 1090 320 861 242 495 110 2179 131 2485 139 960 39 14 745
internal_value=3.13104e-10 0.0195704 0.0422882 0.0316793 0.0367631 0.00260896 0.00667472 -0.0570959 -0.0318882 0.023248 0.0489601 0.0323857 -0.0380669 0.0145759
internal_weight=54.5752 40.6439 17.3737 11.5713 10.1092 23.2702 18.6273 13.9312 1.87136 4.79544 5.31373 2.27793 0.340023 3.77115
internal_count=29255 7194 3815 2954 2712 3379 2289 22061 2616 1204 1508 548 53 884
is_linear=0
shrinkage=0.06


Tree=47
num_leaves=15
num_cat=0
split_feature=4 4 3 4 1 4 4 2 2 3 5 2 4 2
split_gain=15.3256 4.01393 1.01795 0.545344 0.439925 0.398267 0.357548 0.454477 0.350152 0.334431 0.326843 0.292524 0.467095 0.32703
threshold=0.4556909058663639 0.88345276136678275 0.83185981497331374 0.99973212717473914 0.99434448999872471 0.66857226192981167 0.28708837802040804 -0.13325667210024092 0.31672341390619291 0.86728152601218456 0.72500000000000009 0.79990577146983421 0.95874585114599353 0.25053201622310184
decision_type=2 2 2 2 2 2 2 2 2 2 2 2 2 2
left_child=6 5 3 4 10 9 -1 -8 -7 -2 11 13 -13 -3
right_child=1 2 -4 -5 -6 8 7 -9 -10 -11 -12 12 -14 -15
leaf_value=-0.060930476695888962 -0.011870247904290674 -0.0041759077223525887 0.063123771536429785 -0.0041742242076971501 0.048669228411479561 0.021266891983745678 0.00059734149075260938 -0.060800606453315753 0.0016866332430061791 0.062214628512415424 0.068061572168401016 -0.0079393825556501509 0.041284868079977007 0.073118577243043339
leaf_weight=11.030122407872112 6.7590459180064526 0.29524374695029276 5.3393933176994315 1.3764270374085743 4.9203727316926233 4.7909417291230048 0.82584996457444504 0.91475876301410497 10.480500028294044 0.2267141572665422 0.50871623470447946 2.0916210996801969 1.0385767534025943 0.59254827117547393
leaf_count=19445 1380 49 861 242 1508 762 131 2485 1200 37 180 415 365 195
internal_value=-5.81271e-11 0.0189275 0.0416854 0.0311095 0.0362503 0.00240096 -0.0569423 -0.0316697 0.00782933 -0.00946592 0.0227514 0.0170147 0.00839286 0.0474136
internal_weight=51.1908 38.4201 16.1629 10.8235 9.44708 22.2572 12.7707 1.74061 15.2714 6.98576 4.52671 4.01799 3.1302 0.887792
internal_count=29255 7194 3815 2954 2712 3379 22061 2616 1962 1417 1204 1024 780 244
is_linear=0
shrinkage=0.06


Tree=48
num_leaves=15
num_cat=0
split_feature=4 4 3 4 4 1 4 3 2 0 1 2 1 4
split_gain=13.874 3.68694 0.944171 0.5326 0.377333 0.376681 0.358529 0.425102 0.330621 0.31456 0.321259 0.302326 0.297231 0.274285
threshold=0.4556909058663639 0.88345276136678275 0.83185981497331374 0.99973212717473914 0.7307350214846744 0.99434448999872471 0.28708837802040804 0.82029655413577685 0.11086578953478639 0.67000000000000004 0.99434466668167787 0.29608788986112877 0.99434417530928776 0.94283047465391923
decision_type=2 2 2 2 2 2 2 2 2 2 2 2 2 2
left_child=6 4 3 5 8 12 -1 -8 9 -2 -11 -6 -3 -7
right_child=1 2 -4 -5 11 13 7 -9 -10 10 -12 -13 -14 -15
leaf_value=-0.0610099908290299 0.038606049850757371 0.067973914439410463 0.062631248394292127 -0.004848339905537429 0.027204305974217392 0.030607196739816704 -0.046047763900921738 0.030331756675776079 -0.011644538628281374 -0.024423847109217103 0.048263093739233924 0.0042280593917550869 0.01736869927785438 0.060251267439747312
leaf_weight=10.083514476005801 1.0374531299457914 0.46994185895891671 4.8984171532210885 1.3288450335385267 2.7445136253954834 1.9416486531845292 1.3081402213865647 0.32812719923094835 8.0960344954510202 0.89483929221751146 0.28978955035563558 8.2864223887445387 3.7684156363247894 2.6671178726828657
leaf_count=19445 166 180 861 242 493 548 2406 210 1532 110 45 1033 1024 960
internal_value=6.86258e-11 0.0182706 0.0409883 0.03057 0.0022299 0.0358898 -0.0567826 -0.0307311 -0.00601776 0.0144831 -0.00664282 0.00994458 0.0229797 0.0477624
internal_weight=48.1432 36.4234 15.0744 10.176 21.3491 8.84712 11.7198 1.63627 10.3181 2.22208 1.18463 11.0309 4.23836 4.60877
internal_count=29255 7194 3815 2954 3379 2712 22061 2616 1853 321 155 1526 1204 1508
is_linear=0
shrinkage=0.06


Tree=49
num_leaves=15
num_cat=0
split_feature=4 4 3 4 4 3 3 4 2 3 4 2 4 2
split_gain=12.5844 3.48476 0.885812 0.475745 0.46056 0.341977 0.409116 0.575347 0.391736 0.338048 0.336967 0.396119 0.310148 0.293751
threshold=0.4556909058663639 0.91555416274032209 0.83185981497331374 0.99973212717473914 0.7307350214846744 0.78311174018792851 0.78070373041051655 0.95874585114599353 0.20905149518528246 0.7644647033135118 0.28708837802040804 -0.13325667210024092 0.97747638405686632 0.052906793703326023
decision_type=2 2 2 2 2 2 2 2 2 2 2 2 2 2
left_child=10 4 3 5 -2 6 7 9 -9 -3 -1 -12 -8 -6
right_child=1 2 -4 -5 13 -7 12 8 -10 -11 11 -13 -14 -15
leaf_value=-0.060951518486460333 -0.006140224681851005 0.0045638218176755419 0.065839359988588961 -0.0021883424919128982 0.067880989421096383 0.055192081074507314 0.065699774942911973 -0.053876479339692217 0.068699086779706028 0.068569467903307646 0.00053716893295023104 -0.060760201613609385 -0.082780233749600765 0.0097070991007832865
leaf_weight=9.2478656471212144 9.8630270920693892 2.0438232888118355 4.1700858215335748 1.2539429503376593 0.32070325396489252 2.5889595801418182 0.068150321429129579 0.10034847760107335 1.4519750443287194 0.34757865918800224 0.75068826647475362 0.76761663664365076 0.19716551888268441 12.190932507277465
leaf_count=19445 1853 529 783 242 77 946 38 12 653 165 131 2485 11 1885
internal_value=7.92798e-11 0.0176291 0.0433939 0.0317695 0.00355523 0.0380332 0.0274789 0.0323308 0.0607753 0.0138667 -0.0566505 -0.0304532 -0.0446409 0.0111982
internal_weight=45.3629 34.5967 12.222 8.05194 22.3747 6.798 4.20904 3.94373 1.55232 2.3914 10.7662 1.5183 0.265316 12.5116
internal_count=29255 7194 3379 2596 3815 2354 1408 1359 665 694 22061 2616 49 1962
is_linear=0
shrinkage=0.06


Tree=50
num_leaves=15
num_cat=0
split_feature=4 4 3 1 0 4 2 4 2 1 2 5 4 0
split_gain=11.4281 3.32829 0.761202 0.417723 0.353184 0.329395 0.451207 0.315748 0.35049 0.268315 0.347759 0.249212 0.247919 0.265759
threshold=0.4556909058663639 0.88345276136678275 0.83657787058855249 0.99434449664781599 0.6100000000000001 0.61121863025216394 -0.35317589806488864 0.28708837802040804 -0.13325667210024092 0.99434447084863986 0.2511601201062677 0.65500000000000014 0.99973212717473914 0.59000000000000008
decision_type=2 2 2 2 2 2 2 2 2 2 2 2 2 2
left_child=7 5 3 9 -5 -2 -7 -1 -9 10 -3 -12 13 -11
right_child=1 2 -4 4 -6 6 -8 8 -10 12 11 -13 -14 -15
leaf_value=-0.060883239551662256 -0.014256119541056291 -0.030293043115769469 0.063585600221762906 0.022235273560448868 0.055842664465322191 0.066253343036658197 0.0035474976419552712 -0.0011198016756925268 -0.060732699976244392 -0.1042834121458615 0.019044912496101005 0.052771850493258866 -0.080140820648210737 0.039220127130975779
leaf_weight=8.4837544039910409 3.8913021778280408 0.39417794556356778 3.6594513673917382 1.7637726098182609 3.111906711012125 0.42452579381643119 15.357819350698259 0.72481666912790388 0.69599302881397196 0.058365148841403314 2.6977132880711001 1.114568072982365 0.17864886403549463 0.22773447737563401
leaf_count=19445 1090 62 767 501 1180 110 2179 131 2485 3 778 429 9 86
internal_value=-2.46356e-10 0.0170195 0.040319 0.0314006 0.0436852 0.00137917 0.00523421 -0.0564992 -0.0303216 0.0185783 0.023358 0.0289054 -0.0246839 0.00994499
internal_weight=42.7845 32.88 13.2063 9.54689 4.87568 19.6736 15.7823 9.90456 1.42081 4.67121 4.20646 3.81228 0.464748 0.2861
internal_count=29255 7194 3815 3048 1681 3379 2289 22061 2616 1367 1269 1207 98 89
is_linear=0
shrinkage=0.06


Tree=51
num_leaves=15
num_cat=0
split_feature=4 4 3 4 4 4 3 4 3 0 2 3 3 1
split_gain=10.3766 2.99427 0.778186 0.427841 0.341574 0.29741 0.315149 0.264174 0.374148 0.476786 0.260398 0.260348 0.251033 0.242608
threshold=0.4556909058663639 0.91555416274032209 0.83185981497331374 0.7307350214846744 0.99973212717473914 0.28708837802040804 0.82029655413577685 0.95005136042471061 0.7644647033135118 0.77000000000000013 0.052906793703326023 0.76327132304880385 0.90073992928863467 0.99434459428383437
decision_type=2 2 2 2 2 2 2 2 2 2 2 2 2 2
left_child=5 3 4 12 7 -1 -7 8 11 -10 -5 -3 -2 -9
right_child=1 2 -4 10 -6 6 -8 13 9 -11 -12 -13 -14 -15
leaf_value=-0.060818706475176176 -0.0080227826085207937 0.0097904579799060303 0.06543794284735012 0.066664526830615939 0.00079181632330105572 -0.044615109389824624 0.028721657352504947 0.03479737205244416 0.066455173308822821 -0.053515846468145827 0.0092543948954321425 -0.076714389534434366 0.071599555050881974 0.066950440890840943
leaf_weight=7.7817663393507228 8.8384096128866112 1.2574600542429819 3.5076700902136508 0.29174264619359647 1.1388088889943899 1.0669498623974503 0.26293188036652271 2.2444880747934808 0.84373025331296947 0.13888415941619314 11.334808390936812 0.1391051688697188 0.14488536282442588 1.3547368028375784
leaf_count=19445 1831 380 783 77 242 2406 210 892 422 27 1885 10 22 623
internal_value=-1.87515e-10 0.0164345 0.0423079 0.00309613 0.0309084 -0.0563375 -0.0301156 0.0366452 0.0211323 0.0494983 0.010695 0.00117412 -0.00673861 0.0468997
internal_weight=40.3464 31.2347 10.6249 20.6098 7.11721 9.11165 1.32988 5.9784 2.37918 0.982614 11.6266 1.39657 8.98329 3.59922
internal_count=29255 7194 3379 3815 2596 22061 2616 2354 839 449 1962 390 1853 1515
is_linear=0
shrinkage=0.06


Tree=52
num_leaves=15
num_cat=0
split_feature=4 4 3 1 0 4 2 4 2 3 1 1 0 1
split_gain=9.44403 2.82656 0.7232 0.35062 0.326434 0.310345 0.329283 0.280089 0.234406 0.227468 0.207739 0.238091 0.1911 0.18852
threshold=0.4556909058663639 0.88345276136678275 0.83657787058855249 0.99434449664781599 0.6100000000000001 0.64965798362674654 0.052906793703326023 0.33004486113997111 -0.13325667210024092 0.86728152601218456 0.99434456680234484 0.99434463847904586 0.63000000000000012 0.99434499340198579
decision_type=2 2 2 2 2 2 2 2 2 2 2 2 2 2
left_child=7 5 3 -3 10 9 -7 -1 12 13 -5 -12 -9 -2
right_child=1 2 -4 4 -6 6 -8 8 -10 -11 11 -13 -14 -15
leaf_value=-0.060129822641377395 -0.011379446540918915 0.017097201130525881 0.063087628777584878 0.076709209900860248 0.054236037898072159 0.052408790127784405 0.0039430077973496118 -0.050590420244269747 -0.06069044039965709 0.063135647396654809 -0.029854202922536571 0.026730775823214269 0.024150973179082887 -0.067606693876854168
leaf_weight=7.43834820397751 4.5283921950322172 4.073695670173036 3.2402716219075947 0.2001917925372253 2.7168267978122458 0.52545534376986225 12.753872595232677 0.18373261071974412 0.40005776180623787 0.14156337571330357 0.36901485122507416 0.97499111431534402 0.37350014847470447 0.22535018494818349
leaf_count=20317 1237 1367 767 84 1180 155 1916 23 1663 33 77 340 58 38
internal_value=1.31224e-10 0.0158597 0.0390343 0.0296832 0.0417158 0.00110038 0.00586077 -0.0561983 -0.0256499 -0.011813 0.019688 0.0111946 -0.000493004 -0.0140449
internal_weight=38.1453 29.7496 11.575 8.33472 4.26102 18.1746 13.2793 8.39564 0.957291 4.89531 1.5442 1.34401 0.557233 4.75374
internal_count=29255 7194 3815 3048 1681 3379 2071 22061 1744 1308 501 417 81 1275
is_linear=0
shrinkage=0.06


Tree=53
num_leaves=15
num_cat=0
split_feature=4 4 3 4 4 3 3 4 2 3 1 1 4 2
split_gain=8.60641 2.52581 0.718317 0.409877 0.319009 0.264826 0.321881 0.455154 0.324493 0.260102 0.236056 0.233788 0.231968 0.229591
threshold=0.4449411386959794 0.91555416274032209 0.83185981497331374 0.7307350214846744 0.99973212717473914 0.78311174018792851 0.78070373041051655 0.95874585114599353 0.20905149518528246 0.7644647033135118 0.99434415032599632 0.99434435013644873 0.97747638405686632 0.38397696141539089
decision_type=2 2 2 2 2 2 2 2 2 2 2 2 2 2
left_child=-1 3 4 -2 5 6 7 9 -9 13 -6 -12 -8 -3
right_child=1 2 -4 -5 10 -7 12 8 -10 -11 11 -13 -14 -15
leaf_value=-0.056656622547815574 -0.0074527642272682161 0.072455210809781428 0.06509099303598806 0.010283399239358068 -0.081573281004654594 0.052942769817040311 0.06550314754117359 -0.05567272196560448 0.067944123508064669 0.067584138574668523 0.080938164894806375 -0.0029595131574134321 -0.08181221867442845 -0.0033132374055114089
leaf_weight=7.6163655187847317 8.237726205858058 0.15873513842234266 2.9649540467362385 10.893775032716801 0.11530247435439356 1.9560010163113473 0.050602535600773879 0.082139541103970148 1.1027646019356323 0.26538421952864144 0.14001685223774984 0.8188286219665315 0.16062579106073827 1.5480972166405991
leaf_count=21952 1962 80 783 1962 9 946 38 12 653 165 56 177 11 449
internal_value=1.72271e-11 0.0151436 0.040678 0.00264648 0.0293654 0.0353829 0.0251858 0.0299834 0.0593748 0.0123251 -0.000461974 0.00929177 -0.0465209 0.00373322
internal_weight=36.1113 28.495 9.36345 19.1315 6.3985 5.32435 3.36835 3.15712 1.1849 1.97222 1.07415 0.958845 0.211228 1.70683
internal_count=29255 7303 3379 3924 2596 2354 1408 1359 665 694 242 233 49 529
is_linear=0
shrinkage=0.06


Tree=54
num_leaves=15
num_cat=0
split_feature=4 4 3 1 4 0 2 4 2 3 5 3 3 1
split_gain=7.84975 2.39865 0.644742 0.308199 0.291106 0.285886 0.284708 0.26233 0.259719 0.209435 0.19477 0.18174 0.293203 0.23827
threshold=0.4556909058663639 0.88345276136678275 0.83657787058855249 0.99434449664781599 0.64965798362674654 0.6100000000000001 0.052906793703326023 0.28708837802040804 -0.13325667210024092 0.86728152601218456 0.49500000000000005 0.72192580945638329 0.72262664019678458 0.99434464342521955
decision_type=2 2 2 2 2 2 2 2 2 2 2 2 2 2
left_child=7 4 3 -3 9 10 -6 -1 -9 -2 11 -5 -13 -14
right_child=1 2 -4 5 6 -7 -8 8 -10 -11 -12 12 13 -15
leaf_value=-0.060633460810683784 -0.014580103571490624 0.01614292426070903 0.062518757423167579 0.06097149072746183 0.051252517434676986 0.052977548834180578 0.0037615629186290695 -0.0014380630123571332 -0.060650085457558782 0.063836760919633917 0.076607405103839094 -0.11319855036356997 -0.02923347489874345 0.033120682914828892
leaf_weight=6.0953141419959129 4.3051962050376522 3.6692877727618889 2.7527816605288535 0.21005640065413933 0.47249226845451531 2.4193406797130592 11.897102353250373 0.58385781853576191 0.49089238132728474 0.12620659277308721 0.18300275594810944 0.076625376124866085 0.36060994598665275 0.56829822596046142
leaf_count=19445 1275 1367 767 87 155 1180 1916 131 2485 33 84 3 81 246
internal_value=-2.01555e-10 0.0147995 0.0376892 0.0285603 0.000848434 0.0404942 0.00557562 -0.0558143 -0.0284832 -0.0123468 0.0189001 0.0102124 -0.000391173 0.00891428
internal_weight=34.2111 27.041 10.24 7.48722 16.801 3.81793 12.3696 7.17006 1.07475 4.4314 1.39859 1.21559 1.00553 0.928908
internal_count=29255 7194 3815 3048 3379 1681 2071 22061 2616 1308 501 417 330 327
is_linear=0
shrinkage=0.06


Tree=55
num_leaves=15
num_cat=0
split_feature=4 4 3 1 0 4 4 3 2 2 3 3 4 3
split_gain=7.14543 2.16919 0.629493 0.345846 0.283154 0.277904 0.246563 0.237367 0.21763 0.284697 0.449805 0.329503 0.312751 0.259903
threshold=0.4556909058663639 0.88345276136678275 0.83657787058855249 0.99434449664781599 0.6100000000000001 0.7307350214846744 0.28708837802040804 0.82029655413577685 0.29608788986112877 0.25124590625201426 0.73579218784057754 0.70669950629179656 0.82577369222547514 0.80466559488030776
decision_type=2 2 2 2 2 2 2 2 2 2 2 2 2 2
left_child=6 5 3 -3 -5 -2 -1 -8 9 10 11 12 -7 -11
right_child=1 2 -4 4 -6 8 7 -9 -10 13 -12 -13 -14 -15
leaf_value=-0.060568361303293648 -0.0077565552504170561 0.014068279702660868 0.062190852766902713 0.018482677929573803 0.053046696709212485 0.085454217967321874 -0.043140385890618485 0.028908496197801829 0.0026632215464505627 0.067877593723064206 0.040023954164609153 -0.067765884901766438 -0.064215175772300653 -0.010377853037631508
leaf_weight=5.6092617980611967 7.4738796961901306 3.5289310557127447 2.5462285933899693 1.347512707783608 2.3262252363783773 0.12801014355500073 0.80215288484760072 0.20711914778075879 6.6492873795796186 0.69269445457030077 0.65261099353665486 0.36016673065023497 0.082753360969945788 0.19602268387097865
leaf_count=19445 1853 1367 767 501 1180 35 2406 210 1033 183 197 37 11 30
internal_value=-2.85425e-10 0.0141763 0.036548 0.0274829 0.0403687 0.000742767 -0.0556561 -0.0283548 0.00799296 0.0247707 0.00599738 -0.0328972 0.0266886 0.0506169
internal_weight=32.6029 25.9843 9.7489 7.20267 3.67374 16.2354 6.61853 1.00927 8.76155 2.11226 1.22354 0.57093 0.210764 0.888717
internal_count=29255 7194 3815 3048 1681 3379 22061 2616 1526 493 280 83 46 213
is_linear=0
shrinkage=0.06


Tree=56
num_leaves=15
num_cat=0
split_feature=4 4 3 4 4 3 4 4 1 1 3 3 1 4
split_gain=6.53313 2.0745 0.591294 0.342368 0.285145 0.256068 0.346782 0.558207 0.320094 0.407922 0.362271 0.33329 0.316396 0.240913
threshold=0.43308528946650876 0.91555416274032209 0.83185981497331374 0.7307350214846744 0.99973212717473914 0.69900122000841824 0.83751045051642381 0.81589878326412302 0.99434480600847797 0.99434474200497813 0.75652220557919181 0.75756190678560864 0.99434470891577698 0.78715553337066602
decision_type=2 2 2 2 2 2 2 2 2 2 2 2 2 2
left_child=-1 3 4 -2 -3 6 7 -5 9 12 -10 -12 -7 -11
right_child=1 2 -4 5 -6 8 -8 -9 10 13 11 -13 -14 -15
leaf_value=-0.05633773755731232 -0.0080211282305032508 0.034616083991939745 0.064601779117401004 0.051554817964429872 -0.0016032607903115458 0.0033118236766373063 0.08832100800023554 -0.047596378204290454 0.08643308937881411 0.035948651378803383 -0.096133300835824678 0.02468389660903765 0.084912641938541256 -0.052313724410948136
leaf_weight=5.9784989934560171 7.3189094474801157 4.5788190104649393 2.3056922456016764 0.5637025931791857 0.94379499208298501 6.1559536095301137 0.3220329771284014 0.3207035893574357 0.33116416697157536 0.1317068765638395 0.089490246027707943 1.0088964013266375 0.17594775988254685 0.71958766935858876
leaf_count=21843 2071 2354 783 117 242 1212 95 29 113 28 2 219 65 82
internal_value=2.71923e-10 0.0134907 0.0390812 0.00180158 0.0284263 0.00912312 0.0350117 0.0156006 0.00549674 0.000336618 0.0314253 0.0148404 0.00557931 -0.0386583
internal_weight=30.9449 24.9664 7.82831 17.1381 5.52261 9.81919 1.20644 0.884406 8.61275 7.1832 1.42955 1.09839 6.3319 0.851295
internal_count=29255 7412 3379 4033 2596 1962 241 146 1721 1387 334 221 1277 110
is_linear=0
shrinkage=0.06


Tree=57
num_leaves=15
num_cat=0
split_feature=4 4 3 1 4 0 2 4 3 3 3 2 1 0
split_gain=5.97926 1.86864 0.573392 0.326077 0.281003 0.273825 0.236304 0.194239 0.1938 0.186499 0.205219 0.221442 0.168843 0.168825
threshold=0.43308528946650876 0.88345276136678275 0.83657787058855249 0.99434449664781599 0.64965798362674654 0.6100000000000001 0.052906793703326023 0.28708837802040804 0.82029655413577685 0.86728152601218456 0.69900122000841824 -0.50677134161719894 0.99434457015354238 0.53000000000000014
decision_type=2 2 2 2 2 2 2 2 2 2 2 2 2 2
left_child=7 4 3 -3 9 13 -6 -1 -9 10 11 -2 -13 -5
right_child=1 2 -4 5 6 -7 -8 8 -10 -11 -12 12 -14 -15
leaf_value=-0.060438547284078728 0.10032483690214852 0.01274350894124044 0.06174895273166843 0.07826058491001435 0.050019235512026909 0.05264530874102024 0.0035315278405147329 -0.044346227811510305 0.02746388556067805 0.064180067577373198 -0.022303683399255408 0.027861117935337049 -0.029960855471305146 0.0089195791758417339
leaf_weight=4.7962225000883363 0.089792308688629419 3.2373137191316328 2.1910928193101427 0.14305436250288073 0.4092016126960506 2.1008956892619608 10.349966931767993 0.59126223165367253 0.17544148049637442 0.10911096062045533 3.1443173055158695 0.38375388059648985 0.34546690202842001 1.0859991560719207
leaf_count=19445 11 1367 767 74 155 1180 1916 2199 199 34 1255 94 132 427
internal_value=8.83511e-13 0.0131954 0.0351706 0.0263031 0.000218571 0.0394854 0.00529959 -0.0559559 -0.0279142 -0.0132052 -0.0153356 0.0114158 0.000468073 0.0169905
internal_weight=29.1529 23.59 8.75836 6.56726 14.8316 3.32995 10.7592 5.56293 0.766704 4.07244 3.96333 0.819013 0.729221 1.22905
internal_count=29255 7412 3815 3048 3597 1681 2071 21843 2398 1526 1492 237 226 501
is_linear=0
shrinkage=0.06


Tree=58
num_leaves=15
num_cat=0
split_feature=4 4 3 4 4 3 1 1 0 3 3 4 0 4
split_gain=5.47662 1.82006 0.536685 0.346555 0.251723 0.239035 0.199335 0.380268 0.324616 0.271912 0.260268 0.360527 0.205621 0.255785
threshold=0.40782395009455691 0.91555416274032209 0.83185981497331374 0.68632454357222372 0.99973212717473914 0.86728152601218456 0.99434430919799188 0.9943442932040788 0.77000000000000013 0.7812731001145824 0.78070373041051655 0.95874585114599353 0.67000000000000004 0.9211356486119523
decision_type=2 2 2 2 2 2 2 2 2 2 2 2 2 2
left_child=-1 3 4 5 6 -2 7 8 -3 10 11 12 -8 -14
right_child=1 2 -4 -5 -6 -7 9 -9 -10 -11 -12 -13 13 -15
leaf_value=-0.057291536777899443 -0.014077976971273895 0.057911060596490184 0.064368054417823659 0.0072412161903569507 -0.0023073134459744224 0.064072974180710965 -0.0027364210158402078 -0.055880823037077761 -0.019656216383374097 0.065632632962913023 -0.075781084650409863 0.067434853823633123 -0.048778281784822387 0.072250055154509912
leaf_weight=4.9339357116987257 4.9190824980323695 0.54221477740793378 1.9721011392684884 10.598434172134146 0.85034548508701835 0.145049374870723 0.86723188805626772 0.23698098314343952 0.30263965809717774 1.0736612670880274 0.082890733436215558 0.69709391228388984 0.077790949086192995 0.32762085873400792
leaf_count=21516 2025 358 783 2289 242 46 326 46 104 740 13 520 14 233
internal_value=-1.719e-10 0.0124563 0.0378183 0.00107189 0.0274676 -0.0118395 0.0334842 0.0112853 0.0301253 0.0411661 0.0283684 0.0327513 0.0137533 0.049027
internal_weight=27.6271 22.6931 7.03057 15.6626 5.05847 5.06413 4.20813 1.08184 0.844854 3.12629 2.05263 1.96974 1.27264 0.405412
internal_count=29255 7739 3379 4360 2596 2071 2354 508 462 1846 1106 1093 573 247
is_linear=0
shrinkage=0.06


Tree=59
num_leaves=15
num_cat=0
split_feature=4 4 3 4 3 4 4 3 0 3 1 1 1 3
split_gain=5.03244 1.74251 0.485206 0.384908 0.292033 0.219923 0.184231 0.261157 0.30196 0.181421 0.178411 0.257223 0.174518 0.279953
threshold=0.33004486113997111 0.91555416274032209 0.83185981497331374 0.68632454357222372 0.86728152601218456 0.99973212717473914 0.95005136042471061 0.7644647033135118 0.77000000000000013 0.76327132304880385 0.99434459428383437 0.99434459163009403 0.99434480600847797 0.67386648515488567
decision_type=2 2 2 2 2 2 2 2 2 2 2 2 2 2
left_child=-1 3 5 4 -2 6 7 9 -9 -3 11 -8 13 -5
right_child=1 2 -4 12 -6 -7 10 8 -10 -11 -12 -13 -14 -15
leaf_value=-0.059505346989803788 -0.01547672271842407 0.0071829704978834024 0.064079017235351934 0.046331437346895946 0.06213669650426585 -0.00094290310161143165 0.037284930974732435 0.065778999890654874 -0.057082412579850909 -0.077900393839976392 0.066028598485673121 -0.077678016913900097 0.024615865257169276 0.0010442480161776603
leaf_weight=4.2820256107806953 4.9704874520830371 0.87227922772581157 1.8072163686592828 0.52334107106435013 0.18087710776308075 0.81022301748453163 1.3838403241388735 0.51755075599066913 0.083654823596589267 0.10062735684914514 0.85176035735639732 0.073800804530037456 1.7466662116639771 8.0517334391770401
leaf_count=20317 3216 380 783 123 54 242 885 422 27 10 623 7 451 1715
internal_value=-5.25244e-11 0.0115956 0.0376622 0.000643898 -0.0127515 0.027491 0.0334232 0.0175943 0.0486834 -0.00161717 0.0442124 0.0314643 0.00732927 0.00380815
internal_weight=26.2561 21.9741 6.50095 15.4731 5.15136 4.69374 3.88351 1.57411 0.601206 0.972907 2.3094 1.45764 10.3217 8.57507
internal_count=29255 8938 3379 5559 3270 2596 2354 839 449 390 1515 892 2289 1838
is_linear=0
shrinkage=0.06


Tree=60
num_leaves=15
num_cat=0
split_feature=4 4 3 4 3 4 1 3 3 0 4 2 3 3
split_gain=4.62247 1.66202 0.436582 0.356554 0.279373 0.194584 0.161878 0.347786 0.198101 0.197928 0.194771 0.198915 0.175304 0.339408
threshold=0.33004486113997111 0.91555416274032209 0.83185981497331374 0.68632454357222372 0.86728152601218456 0.99973212717473914 0.9943443770546605 0.79765680682105577 0.83657787058855249 0.79000000000000015 0.83751045051642381 0.2511601201062677 0.81822119627495649 0.83029992252302975
decision_type=2 2 2 2 2 2 2 2 2 2 2 2 2 2
left_child=-1 3 5 4 -2 -3 7 10 -8 12 -5 -12 -9 -14
right_child=1 2 -4 6 -6 -7 8 9 -10 -11 11 -13 13 -15
leaf_value=-0.059372981166295781 -0.015404561365678004 0.033665847472620324 0.063889155283202645 0.0010267897101617232 0.062241141506364346 0.00062606175393733891 0.009465872957861202 -0.055010012495061142 0.050847028051136597 0.063573341521802093 -0.025282900059026888 0.068864675402319733 0.081255309031577308 -0.035745521505687265
leaf_weight=3.967416156610855 4.7801365013874628 3.6289930125349192 1.6645432365330632 1.3573787478380821 0.17285418065148395 0.77954960674105667 6.3782622868893668 0.67244211799697928 0.44556229482986953 0.078095018601743393 0.1057409900240599 0.34236334986053407 0.11716499831527472 0.37473828403744847
leaf_count=20317 3216 2354 783 269 54 242 1527 77 131 28 22 130 39 66
internal_value=7.19044e-11 0.0112719 0.0377086 0.000441822 -0.0126948 0.0278235 0.00703291 -0.00446343 0.0121679 -0.0288957 0.0123496 0.0466483 -0.0350978 -0.00787744
internal_weight=24.8652 20.8978 6.07309 14.8247 4.95299 4.40854 9.87175 3.04792 6.82382 1.24244 1.80548 0.448104 1.16435 0.491903
internal_count=29255 8938 3379 5559 3270 2596 2289 631 1658 210 421 152 182 105
is_linear=0
shrinkage=0.06


Tree=61
num_leaves=15
num_cat=0
split_feature=4 4 3 4 2 2 3 4 2 0 3 3 3 4
split_gain=4.24958 1.43355 0.42285 0.255743 0.243734 0.22031 0.198308 0.197411 0.169285 0.160155 0.160004 0.279034 0.260554 0.22781
threshold=0.4556909058663639 0.91555416274032209 0.83185981497331374 0.66857226192981167 0.22957969935645986 0.23250398573856873 0.86728152601218456 0.28708837802040804 -0.13325667210024092 0.73000000000000009 0.80326115893524186 0.80466559488030776 0.7763554083580394 0.90253125660249645
decision_type=2 2 2 2 2 2 2 2 2 2 2 2 2 2
left_child=7 3 -3 6 9 -6 -2 -1 -9 -5 12 -12 13 -7
right_child=1 2 -4 4 5 10 -8 8 -10 -11 11 -13 -14 -15
leaf_value=-0.060165466164885988 -0.014771878991889427 0.027127216361378319 0.063774734736739155 0.056414725077855866 -0.050926285218569851 0.0013480321552413754 0.0635713089131726 -0.0021969236634946767 -0.060590727555621615 0.0021652562936209639 -0.067329030024057324 -0.0011388962015258424 0.033103866055718377 0.075424588938619072
leaf_weight=3.522274741233562 3.5739881412882855 4.2716963585990007 1.5428069155386763 0.54636182100511987 0.2610809636535113 4.8972530173195974 0.12022921707830381 0.43723399032023735 0.30229094758033159 0.30542225367389619 0.25753839948447454 2.089905762928538 1.3707909291551912 0.15416093438398082
leaf_count=19445 1380 2596 783 236 18 1078 37 131 2485 96 30 473 377 90
internal_value=-4.2563e-10 0.0119227 0.0368512 0.00124659 0.00628139 0.00338752 -0.0122222 -0.0542484 -0.0260662 0.0369626 0.00500449 -0.00840062 0.00990433 0.00360873
internal_weight=23.653 19.3912 5.8145 13.5767 9.88251 9.03073 3.69422 4.2618 0.739525 0.851784 8.76965 2.34744 6.4222 5.05141
internal_count=29255 7194 3379 3815 2398 2066 1417 22061 2616 332 2048 503 1545 1168
is_linear=0
shrinkage=0.06


Tree=62
num_leaves=15
num_cat=0
split_feature=4 4 3 4 3 4 4 1 2 2 2 2 5 5
split_gain=3.89509 1.25039 0.434027 0.294612 0.19465 0.185666 0.180715 0.159228 0.151392 0.147516 0.267792 0.433286 0.218933 0.160458
threshold=0.4556909058663639 0.91555416274032209 0.83185981497331374 0.7307350214846744 0.90073992928863467 0.28708837802040804 1.0205286969618339 0.9943449900701965 -0.13325667210024092 0.22957969935645986 0.25124590625201426 0.2856013610797063 0.60500000000000009 0.42500000000000004
decision_type=2 2 2 2 2 2 2 2 2 2 2 2 2 2
left_child=5 3 6 4 -2 -1 -3 9 -7 -5 13 12 -12 -11
right_child=1 2 -4 7 -6 8 -8 -9 -10 10 11 -13 -14 -15
leaf_value=-0.060086912610525421 -0.010668374777848206 0.029497829266735071 0.063687490154650112 0.040341122065233111 0.081889591097185979 -0.003505453924316559 -0.01302997168959359 0.079956140083119603 -0.060570771401360766 0.08507518839629459 0.087056867788445236 0.0046882485899878441 0.0073058984760868747 -0.037740198833946845
leaf_weight=3.2572445130026639 5.3999636766384373 3.7388770397956241 1.4364534782507687 0.47335451617254864 0.083053419628413283 0.42389396316866623 0.3979994898836593 0.11213696602499101 0.27655456226057129 0.040770818945020326 0.36798938445281226 5.771518976893276 0.18683714920189232 0.63100109033985063
leaf_count=19445 1831 2512 783 220 22 131 84 53 2485 20 155 1372 50 92
internal_value=-1.28402e-10 0.0114783 0.0352728 0.00132918 -0.00926636 -0.0540605 0.0254063 0.00898985 -0.0260363 0.00792474 0.00573209 0.00955675 0.0602008 -0.0302864
internal_weight=22.5976 18.64 5.57333 13.0666 5.48302 3.95769 4.13688 7.58361 0.700449 7.47147 6.99812 6.32635 0.554827 0.671772
internal_count=29255 7194 3379 3815 1853 22061 2596 1962 2616 1909 1689 1577 205 112
is_linear=0
shrinkage=0.06


Tree=63
num_leaves=15
num_cat=0
split_feature=4 4 3 4 3 4 1 0 3 0 4 4 4 1
split_gain=3.57849 1.1769 0.4075 0.26526 0.191964 0.174772 0.148517 0.226539 0.158099 0.148726 0.141676 0.272171 0.177831 0.137367
threshold=0.4556909058663639 0.91555416274032209 0.83185981497331374 0.7307350214846744 0.90073992928863467 0.28708837802040804 0.99434449664781599 0.6100000000000001 0.70496039967660939 0.67000000000000004 0.94283047465391923 0.93693880756067582 0.97747638405686632 0.9943449900701965
decision_type=2 2 2 2 2 2 2 2 2 2 2 2 2 2
left_child=5 3 6 4 -2 -1 -3 10 9 -9 11 -8 -12 -5
right_child=1 2 -4 13 -6 -7 7 8 -10 -11 12 -13 -14 -15
leaf_value=-0.060003299701059921 -0.010531787712102269 0.013359148406990646 0.063582382475885227 0.0075509932270444689 0.084995841944842623 -0.026024372420416338 0.07276107931546022 -0.0289031315028008 0.062792008687309386 0.071584807596922609 0.066274895775742373 -0.065996317908509863 -0.0027426504875729431 0.07807321657005907
leaf_weight=3.0159612889783634 5.2043641350173875 1.9478619805886404 1.3277731971029423 7.1624470282840775 0.076847406948218011 0.66512800488635537 0.071446140573243944 0.1459848289086948 1.0090439720370339 0.083264929446158931 0.24654902731708717 0.17687604746606667 0.2954532039584592 0.10083305681473564
leaf_count=19445 1831 1169 783 1909 22 2616 64 57 879 63 207 40 117 53
internal_value=-2.70757e-10 0.0111087 0.0348024 0.00109023 -0.00914176 -0.0538637 0.0251926 0.0365549 0.0525731 0.00759471 0.0114573 -0.0260737 0.0286524 0.00853002
internal_weight=21.5298 17.8487 5.30425 12.5445 5.28121 3.68109 3.97648 2.02862 1.23829 0.22925 0.790324 0.248322 0.542002 7.26328
internal_count=29255 7194 3379 3815 1853 22061 2596 1427 999 120 428 104 324 1962
is_linear=0
shrinkage=0.06


Tree=64
num_leaves=15
num_cat=0
split_feature=4 4 3 4 1 0 3 3 2 3 1 2 2 0
split_gain=3.29414 1.10326 0.378889 0.261096 0.153209 0.163527 0.172629 0.150417 0.148688 0.157728 0.1388 0.189842 0.175787 0.169658
threshold=0.43308528946650876 0.91555416274032209 0.83185981497331374 0.7307350214846744 0.99434449664781599 0.6100000000000001 0.72492785857514497 0.90073992928863467 -0.66218914204643375 0.82029655413577685 0.99434416187844354 0.1064064923578588 -0.13325667210024092 0.57000000000000006
decision_type=2 2 2 2 2 2 2 2 2 2 2 2 2 2
left_child=8 3 4 7 -3 -6 -7 10 9 -1 12 13 -2 -12
right_child=1 2 -4 -5 5 6 -8 -9 -10 -11 11 -13 -14 -15
leaf_value=-0.043361941447801755 -0.12704198620554263 0.012747591488237456 0.063380360932437152 0.0083852799322486592 0.014932523973548771 0.015630142130963785 0.06629347400874723 0.07959997322137316 -0.058454649868901233 0.051560400767958446 0.071830258717716103 -0.014654804615067549 -0.022058804633154409 0.0041804045544726184
leaf_weight=0.20198293017529367 0.079262053826823831 1.8688387262882309 1.222712028029491 7.084329615754541 0.73878090121434059 0.34590806342021074 0.80692655914754141 0.067590430960990378 3.0481682289591845 0.09159817860199837 0.15455448848661013 3.7082785619495553 0.20834866661607687 0.97771748578816187
leaf_count=463 6 1169 783 1962 428 211 788 23 21350 30 37 1643 92 270
internal_value=5.04144e-11 0.0105551 0.034366 0.000892795 0.024932 0.0369697 0.0510919 -0.0093231 -0.0545269 -0.0137459 -0.0104951 -0.00808899 -0.0509909 0.0134146
internal_weight=20.605 17.2632 4.98317 12.2801 3.76045 1.89162 1.15283 5.19575 3.34175 0.293581 5.12816 4.84055 0.287611 1.13227
internal_count=29255 7412 3379 4033 2596 1427 999 2071 21843 493 2048 1950 98 307
is_linear=0
shrinkage=0.06


Tree=65
num_leaves=15
num_cat=0
split_feature=4 4 3 4 3 2 3 4 1 4 3 1 0 4
split_gain=3.05116 1.06529 0.363677 0.291095 0.240201 0.21241 0.157692 0.153268 0.154969 0.203319 0.199854 0.144893 0.158835 0.136216
threshold=0.33004486113997111 0.91555416274032209 0.83185981497331374 0.66857226192981167 0.8144169727282381 -0.31533236656688907 0.90073992928863467 0.99973212717473914 0.99434448009499443 0.94283047465391923 0.75652220557919181 0.99434447743072196 0.6100000000000001 0.94017865834999659
decision_type=2 2 2 2 2 2 2 2 2 2 2 2 2 2
left_child=-1 3 7 4 -2 -6 -7 8 11 10 13 12 -3 -10
right_child=1 2 -4 -5 5 6 -8 -9 9 -11 -12 -13 -14 -15
leaf_value=-0.059023974742860953 -0.020498535722035593 0.070414767698653805 0.063256222689218558 0.0061429396910918357 0.074626764739924079 -0.018308569686256177 0.095496575403468065 -0.0017569765439765701 0.011930851479770526 0.059087397005463518 0.065744600136121267 -0.096117839012862624 0.011451260788369919 -0.070726824901812674
leaf_weight=2.7197795347419769 3.1316415203054961 0.19000033781048831 1.1305473172469644 8.6281857142748759 0.18517148826504126 0.33688764908583824 0.050387393916025758 0.66488926671445359 0.21705553255742405 1.0077873415939391 0.16478860296774656 0.040218048874521517 1.2238870957880861 0.10723119070462417
leaf_count=20317 2762 179 783 2398 64 326 9 242 130 984 196 10 826 29
internal_value=-2.39354e-10 0.00939957 0.0335541 0.000103063 -0.013966 0.0217708 -0.00350166 0.0242673 0.0301309 0.0436827 0.0119399 0.0161805 0.0193749 -0.0154014
internal_weight=19.7985 17.0787 4.7464 12.3323 3.70409 0.572447 0.387275 3.61586 2.95097 1.49686 0.489075 1.45411 1.41389 0.324287
internal_count=29255 8938 3379 5559 3161 399 335 2596 2354 1339 355 1015 1005 159
is_linear=0
shrinkage=0.06


Tree=66
num_leaves=15
num_cat=0
split_feature=4 4 3 4 3 1 2 2 4 0 2 1 0 3
split_gain=2.80914 0.943513 0.3447 0.25599 0.233552 0.226959 0.224802 0.173063 0.207444 0.166542 0.134583 0.129921 0.146626 0.167788
threshold=0.40782395009455691 0.91555416274032209 0.83185981497331374 0.7307350214846744 0.90073992928863467 0.99434416187844354 -0.13325667210024092 0.14576701760496172 0.52078778381871305 0.77000000000000013 -0.78875190844849852 0.99434449664781599 0.6100000000000001 0.72492785857514497
decision_type=2 2 2 2 2 2 2 2 2 2 2 2 2 2
left_child=10 3 11 4 5 6 -2 8 -7 -10 -1 -3 -13 -14
right_child=1 2 -4 -5 -6 7 -8 -9 9 -11 -12 12 13 -15
leaf_value=-0.0072416752417146981 -0.12500163319336091 0.012139236434626667 0.063093420141142442 0.0081563429567318123 0.092516748894147904 -0.012899360432613704 -0.020643740576042426 -0.01493882968179497 0.049134209790886202 -0.040273948389866539 -0.05984166436570882 0.013998378560026973 0.013241799438996829 0.065906039194695121
leaf_weight=0.18802070111633229 0.12052085599862039 1.7353108109309681 1.0417999672354197 6.7908907364326296 0.079236356861656421 0.62925751170405397 0.19381125828295065 3.4187270860020362 0.52028821052226704 0.087634563358733431 2.5509668242593762 0.68795139781286696 0.31372803846898001 0.71216701285447925
leaf_count=407 6 1169 783 1962 24 98 105 1913 226 26 21109 428 211 788
internal_value=5.61026e-10 0.00943069 0.0328475 0.000548884 -0.00968216 -0.0113114 -0.0606565 -0.00798002 0.0112494 0.0362457 -0.0562309 0.0237119 0.0354294 0.0498008
internal_weight=19.0703 16.3313 4.49096 11.8404 5.04948 4.97024 0.314332 4.65591 1.23718 0.607923 2.73899 3.44916 1.71385 1.0259
internal_count=29255 7739 3379 4360 2398 2374 111 2263 350 252 21516 2596 1427 999
is_linear=0
shrinkage=0.06


Tree=67
num_leaves=15
num_cat=0
split_feature=4 4 3 3 1 1 4 2 4 0 1 2 2 2
split_gain=2.58796 0.908812 0.400833 0.384231 0.356374 0.36679 0.165612 0.381787 0.171582 0.145491 0.136795 0.117757 0.11372 0.125844
threshold=0.33004486113997111 0.84953773515527631 0.83657787058855249 0.90073992928863467 0.99434416187844354 0.9943441464088536 0.52078778381871305 -0.0091237657230511925 0.66857226192981167 0.59000000000000008 0.994344901635967 -0.13325667210024092 0.080736204892211505 0.29608788986112877
decision_type=2 2 2 2 2 2 2 2 2 2 2 2 2 2
left_child=-1 3 10 4 5 -2 -6 9 -9 -8 -3 -7 -10 -14
right_child=1 2 -4 -5 6 11 7 8 12 -11 -12 -13 13 -15
leaf_value=-0.058807731874412503 0.0096088034836479264 0.01672747678437788 0.059956805324226439 0.097646661907125135 -0.021798602219050219 -0.11468051549141203 0.093308613150764497 -0.019741267179653219 -0.075290973910079162 0.028951269006484065 0.053029697916807318 -0.049432014842927072 0.020142682658037678 -0.0011578377367366703
leaf_weight=2.3517812909503872 0.2509887174292097 4.8845146073726928 1.0582664349785771 0.13498425271245729 1.2157979872845297 0.20498110653716139 0.1738579193915929 1.5338549470034202 0.066194023442221694 0.46382014697883278 0.40464108991727687 0.19364015360770281 1.3028053628513587 4.2751462459564209
leaf_count=20317 127 3008 790 28 2187 8 54 646 12 214 344 82 449 989
internal_value=-2.94722e-10 0.0085565 0.0262491 -0.00288414 -0.00428585 -0.0472093 -0.00119848 0.00200605 -0.0019465 0.0464978 0.0195047 -0.0829844 0.00288941 0.00381718
internal_weight=18.5153 16.1635 6.34742 9.81607 9.68109 0.64961 9.03148 7.81568 7.178 0.637678 5.28916 0.398621 5.64415 5.57795
internal_count=29255 8938 4142 4796 4768 217 4551 2364 2096 268 3352 90 1450 1438
is_linear=0
shrinkage=0.06


Tree=68
num_leaves=15
num_cat=0
split_feature=4 4 3 3 4 5 2 1 4 1 2 2 1 2
split_gain=2.39553 0.828683 0.378391 0.189288 0.226018 0.129273 0.128411 0.241192 0.159122 0.124736 0.119436 0.308101 0.26402 0.14844
threshold=0.33004486113997111 0.84953773515527631 0.83657787058855249 0.90073992928863467 0.68632454357222372 0.85500000000000009 0.14576701760496172 0.99434415032599632 0.61121863025216394 0.994344901635967 0.25124590625201426 0.25000557765736559 0.99434423953499429 0.37506095111598092
decision_type=2 2 2 2 2 2 2 2 2 2 2 2 2 2
left_child=-1 3 9 4 6 -6 7 -2 -9 10 11 12 -3 -12
right_child=1 2 -4 -5 5 -7 -8 8 -10 -11 13 -13 -14 -15
leaf_value=-0.058663093905347047 -0.088172140878889305 -0.048413068076225377 0.059485915631321537 0.081262348422937489 0.0028949959636433292 0.10721134798479078 -0.023783803179278466 -0.00034888820805424267 0.06778515275514721 0.051514794581750629 0.053222084834581469 -0.087505044926327796 0.073072780214281791 0.015545099483736155
leaf_weight=2.1937282828112101 0.10188100835693736 0.10972412854607583 0.98973792860851961 0.095178088726243781 5.5965822339203442 0.043095852714031824 2.3533349630033626 0.97642749710212207 0.14124695045757107 0.39122699580912002 0.41661997532355588 0.13844454442732967 0.15590623563912231 3.9038624723798421
leaf_count=20317 12 28 790 28 1509 12 2834 293 108 344 279 11 137 2553
internal_value=-1.25541e-10 0.00834936 0.0255268 -0.0029184 -0.0037881 0.00369213 -0.0155954 0.000205579 0.0082616 0.0189568 0.0162608 -0.0149333 0.0228905 0.0191783
internal_weight=17.607 15.4133 6.10552 9.30775 9.21257 5.63968 3.57289 1.21956 1.11767 5.11578 4.72456 0.404075 0.26563 4.32048
internal_count=29255 8938 4142 4796 4768 1521 3247 413 401 3352 3008 176 165 2832
is_linear=0
shrinkage=0.06


Tree=69
num_leaves=15
num_cat=0
split_feature=4 4 3 4 3 4 4 3 0 3 5 1 0 4
split_gain=2.21436 0.738934 0.314568 0.246481 0.176718 0.149965 0.140882 0.188127 0.230542 0.136832 0.135439 0.139522 0.103587 0.245244
threshold=0.33004486113997111 0.91555416274032209 0.83185981497331374 0.68632454357222372 0.86728152601218456 0.99973212717473914 0.95005136042471061 0.7644647033135118 0.77000000000000013 0.76327132304880385 0.48500000000000004 0.99434459163009403 0.6100000000000001 0.93693880756067582
decision_type=2 2 2 2 2 2 2 2 2 2 2 2 2 2
left_child=-1 3 5 4 -2 6 7 9 -9 12 -8 -12 13 -3
right_child=1 2 -4 -5 -6 -7 10 8 -10 -11 11 -13 -14 -15
leaf_value=-0.058506712299231829 -0.015766532493923492 0.077772370754553774 0.062833154181568165 0.00618533087042656 0.058748221327205807 -0.005626384102663212 0.065300947169332005 0.065386423331318819 -0.062903074635647538 -0.084869764976095927 0.031985421803893008 -0.073400545611307808 0.021808678489097295 -0.063344794967577056
leaf_weight=2.045981001358089 3.3478001408966507 0.058640064118663071 0.84054138786814281 7.3671123017993523 0.11863750616612367 0.59471314700931532 0.49823623998963718 0.31829484838817734 0.059921239604591392 0.073803261242574081 0.92694929794379277 0.047544925044348929 0.36494089331972646 0.1817321952257771
leaf_count=20317 3216 49 783 2289 54 242 623 422 27 10 885 7 276 55
internal_value=1.29459e-10 0.0080887 0.0302495 -2.26546e-05 -0.0132163 0.0214848 0.0278575 0.0111478 0.0450614 -0.00773947 0.0398541 0.0268437 0.0016647 -0.0289185
internal_weight=16.8448 14.7989 3.96532 10.8335 3.46644 3.12478 2.53006 1.05733 0.378216 0.679116 1.47273 0.974494 0.605313 0.240372
internal_count=29255 8938 3379 5559 3270 2596 2354 839 449 390 1515 892 380 104
is_linear=0
shrinkage=0.06


Tree=70
num_leaves=15
num_cat=0
split_feature=4 4 3 4 1 3 1 1 2 5 2 3 3 0
split_gain=2.04749 0.683086 0.270812 0.205268 0.196042 0.136656 0.120499 0.119174 0.149204 0.134539 0.13174 0.11186 0.2533 0.109552
threshold=0.33004486113997111 0.88345276136678275 0.83657787058855249 0.66857226192981167 0.99434449664781599 0.86728152601218456 0.99434459163009403 0.99434444448310477 0.2511601201062677 0.65500000000000014 0.79990577146983421 0.79934184502241934 0.80073386674416203 0.6100000000000001
decision_type=2 2 2 2 2 2 2 2 2 2 2 2 2 2
left_child=-1 3 4 5 7 -2 -6 8 -3 -10 -9 -11 -13 -8
right_child=1 2 -4 -5 6 -7 13 10 9 11 -12 12 -14 -15
leaf_value=-0.058336822224851051 -0.016529717388189168 -0.038850252483634322 0.058026084961714249 0.0046583265299700184 0.065193498628097798 0.055158456895300953 0.0055832294196529715 0.068205940459852649 0.0084592408982410109 0.07401430599795987 -0.033881683507410179 -0.082238466926647047 0.068284340041745231 0.039717941625037938
leaf_weight=1.9105277325188605 2.9210939717813731 0.16685730009339672 0.8261978618975262 6.7048212921363302 0.36435633754444996 0.098970518331043311 0.55141461422317639 0.051888384128687792 0.93163435802853201 0.25797750479250681 0.36998662650148617 0.064650361600797623 0.1066241112712305 0.87651731240839581
leaf_count=20317 3114 56 767 1962 375 47 382 54 640 283 188 8 138 924
internal_value=-1.94798e-10 0.00779782 0.026936 -0.00119205 0.0200715 -0.0141804 0.034395 0.00690383 0.0146991 0.0212648 -0.0213254 0.0490575 0.011467 0.0265364
internal_weight=16.2035 14.293 4.5681 9.72489 3.74191 3.02006 1.79229 1.94962 1.52774 1.36089 0.421875 0.429252 0.171274 1.42793
internal_count=29255 8938 3815 5123 3048 3161 1681 1367 1125 1069 242 429 146 1306
is_linear=0
shrinkage=0.06


Tree=71
num_leaves=15
num_cat=0
split_feature=4 4 3 4 3 3 3 3 3 3 3 2 3 2
split_gain=1.89384 0.596599 0.246754 0.214373 0.131151 0.188893 0.19091 0.170392 0.178729 0.280274 0.257151 0.230467 0.222513 0.168609
threshold=0.43308528946650876 0.92618617480973142 0.83185981497331374 0.7307350214846744 0.83657787058855249 0.80326115893524186 0.79853189994107376 0.79765680682105577 0.76617961478826202 0.75652220557919181 0.73643729393020096 0.31672341390619291 0.73458763412661898 0.25053201622310184
decision_type=2 2 2 2 2 2 2 2 2 2 2 2 2 2
left_child=-1 3 -3 -2 5 6 7 8 9 10 12 -11 -5 -7
right_child=1 2 -4 4 -6 13 -8 -9 -10 11 -12 -13 -14 -15
leaf_value=-0.053103691598641901 -0.0097874110277506865 0.022028405356916893 0.062634355905509406 0.0077167851331036872 0.040998240071070814 0.076818418594565646 0.093298948835942294 -0.073424287908885139 0.030310111867549835 0.056142663196819174 0.044996166694268182 -0.047610901148731406 -0.063770146172510353 -0.02051606474050836
leaf_weight=2.0941153686153493 4.0089421284828841 2.6445240959401413 0.67658604958705826 1.7059282331465517 0.40543213272394485 0.067801644712744635 0.10000156439491537 0.087510038094478548 1.25126272241323 0.090135642400127725 0.64744324816274446 0.53185563471924979 0.17260889484896313 1.1638956176539066
leaf_count=21843 2071 2431 730 562 209 56 61 10 481 54 284 111 26 326
internal_value=-4.83489e-10 0.00820465 0.0303008 0.00103325 0.00800309 0.00570397 0.0113061 0.00947866 0.0111278 0.00350314 0.0123871 -0.0325755 0.00114823 -0.0151581
internal_weight=15.648 13.5539 3.32111 10.2328 6.22388 5.81844 4.58675 4.48674 4.39923 3.14797 2.52598 0.621991 1.87854 1.2317
internal_count=29255 7412 3161 4251 2180 1971 1589 1528 1518 1037 872 165 588 382
is_linear=0
shrinkage=0.06


Tree=72
num_leaves=15
num_cat=0
split_feature=4 4 3 4 3 2 4 1 0 1 3 4 3 0
split_gain=1.76547 0.59667 0.239103 0.227933 0.113709 0.118849 0.111414 0.130995 0.268012 0.226705 0.219515 0.172196 0.177326 0.161387
threshold=0.33004486113997111 0.92618617480973142 0.83185981497331374 0.66857226192981167 0.8144169727282381 -0.31533236656688907 0.99973212717473914 0.99434430919799188 0.65000000000000002 0.9943442932040788 0.7812731001145824 0.95874585114599353 0.78070373041051655 0.73000000000000009
decision_type=2 2 2 2 2 2 2 2 2 2 2 2 2 2
left_child=-1 3 6 4 -2 -6 7 9 10 13 11 -9 -13 -3
right_child=1 2 -4 -5 5 -7 -8 8 -10 -11 -12 12 -14 -15
leaf_value=-0.057988409581162498 -0.01927317931035635 0.068857058009691358 0.062519486351988438 0.0057727998471932647 0.065552248057652529 -0.0055761214020811503 -0.0020481964767833671 -0.026687009998524275 0.067047236024570925 -0.063920939215664149 0.065554403980378498 0.066634751364358771 -0.084181739054821722 -0.0050723442559567969
leaf_weight=1.6781205439374396 2.4222838573768954 0.17828901708708178 0.6414878450159448 7.2094358154063229 0.11836763402970973 0.29617336118826632 0.56147760760359222 0.39819242824887602 0.63399141243644408 0.13558763320907019 0.22612470287276665 0.1676882871252019 0.033707396767567843 0.26326715375762433
leaf_count=20317 2762 228 730 2616 64 335 242 219 923 42 312 248 4 213
internal_value=5.59146e-11 0.00732433 0.0297148 0.000103649 -0.0143038 0.0147338 0.0216158 0.028139 0.0377067 0.00394042 0.0151787 -0.0038197 0.0413927 0.0247784
internal_weight=14.9642 13.2861 3.23981 10.0463 2.83682 0.414541 2.59833 2.03685 1.4597 0.577144 0.825713 0.599588 0.201396 0.441556
internal_count=29255 8938 3161 5777 3161 399 2431 2189 1706 483 783 471 252 441
is_linear=0
shrinkage=0.06


Tree=73
num_leaves=15
num_cat=0
split_feature=4 3 4 4 4 2 4 1 1 2 1 0 1 1
split_gain=1.64341 0.41073 0.397295 0.213082 0.168409 0.148109 0.134161 0.117621 0.1234 0.117421 0.123464 0.160379 0.136879 0.118353
threshold=0.61121863025216394 0.83657787058855249 0.28708837802040804 0.95005136042471061 0.99973212717473914 0.035814808323948295 0.76745850746238398 0.99434445382309744 0.99434445067782562 -0.19240359438868854 0.99434466390631371 0.57000000000000006 0.99434480600847797 0.99434486672576572
decision_type=2 2 2 2 2 2 2 2 2 2 2 2 2 2
left_child=2 3 -1 -2 7 9 -3 8 -5 10 11 -4 -12 -14
right_child=1 6 5 4 -6 -7 -8 -9 -10 -11 12 -13 13 -15
leaf_value=-0.059306237236346447 0.0035526562239636731 0.0018164535864792222 0.061960393546846425 0.029564724030149564 -0.00087231072402815996 -0.033112568458577886 0.057490419396076527 0.058008225440301237 -0.060498578869695438 0.058608682925789905 0.063031958940343524 -0.039728154886070316 -0.06932692780051404 0.043751998656385058
leaf_weight=1.4967442780307476 8.1856277098013361 0.19087991566629969 0.064237137325108051 0.5451245180411195 0.55171406677982293 1.0897337827254885 0.84834371304168599 0.59898555394102004 0.060884300037287176 0.10784239184977185 0.14863014372531325 0.42688048851414351 0.076879470740095712 0.058810907146835234
leaf_count=19445 3377 78 18 618 246 3401 844 921 20 47 41 147 20 32
internal_value=1.4947e-10 0.0113733 -0.0359959 0.00762181 0.0265826 -0.0183124 0.0472645 0.039153 0.0205163 -5.29718e-05 -0.00821122 -0.0264275 0.0232545 -0.0203163
internal_weight=14.4513 10.9816 3.46976 9.94234 1.75671 1.97301 1.03922 1.20499 0.606009 0.883281 0.775438 0.491118 0.284321 0.13569
internal_count=29255 6104 23151 5182 1805 3706 922 1559 638 305 258 165 93 52
is_linear=0
shrinkage=0.06


Tree=74
num_leaves=15
num_cat=0
split_feature=4 4 4 3 4 4 1 4 1 1 2 4 1 1
split_gain=1.53152 0.402534 0.226863 0.158419 0.145138 0.154525 0.205191 0.142133 0.131395 0.163241 0.154023 0.153086 0.116374 0.341221
threshold=0.52078778381871305 0.94283047465391923 0.28708837802040804 0.83185981497331374 0.7307350214846744 0.94017865834999659 0.99434484511620747 0.92618617480973142 0.99434449664781599 0.99434447084863986 0.21184807013197235 0.99973212717473914 0.99434480600847797 0.99434465495359026
decision_type=2 2 2 2 2 2 2 2 2 2 2 2 2 2
left_child=2 4 -1 8 -2 7 -7 12 9 10 -3 -10 13 -6
right_child=1 3 -4 -5 5 6 -8 -9 11 -11 -12 -13 -14 -15
leaf_value=-0.059191577396118272 -0.0077707825665876279 -0.079866740332178457 -0.021950219681346601 0.062233519242084631 0.013189377649319956 0.021024745373829545 -0.10531802933683598 0.04716224652059367 0.057368785980022374 -0.052054249617087191 0.024414748552761531 0.0041483032087379079 0.027545425047380393 -0.024391087635021135
leaf_weight=1.3932495203616793 2.882851102636776 0.054243647377006043 1.0199488173775533 0.46942152763585898 3.6052373928068846 0.088023016949591582 0.097574646846624091 0.35235672510680149 0.60568096595306986 0.13732304969744291 0.84967163560213521 0.28666071171755902 0.90986017329487356 1.1463572832690259
leaf_count=19445 1308 8 3161 607 1389 94 15 436 953 65 853 130 434 357
internal_value=4.45008e-11 0.00912968 -0.0434514 0.0309671 0.00335188 0.00852414 -0.0453977 0.0101883 0.0233765 0.00889711 0.0181569 0.0402719 0.00788709 0.00412281
internal_weight=13.8985 11.4853 2.4132 2.403 9.08226 6.19941 0.185598 6.01381 1.93358 1.04124 0.903915 0.892342 5.66145 4.75159
internal_count=29255 6649 22606 2616 4033 2725 109 2616 2009 926 861 1083 2180 1746
is_linear=0
shrinkage=0.06


Tree=75
num_leaves=15
num_cat=0
split_feature=4 4 3 4 1 1 1 3 3 1 0 3 2 1
split_gain=1.41938 0.471081 0.197342 0.174093 0.123441 0.119445 0.268895 0.363707 0.208468 0.191064 0.187767 0.255245 0.231407 0.221188
threshold=0.43308528946650876 0.92618617480973142 0.83185981497331374 0.7307350214846744 0.9943449900701965 0.99434465495359026 0.9943447780349971 0.76270132693215464 0.75652220557919181 0.99434467529579085 0.65000000000000002 0.78885207229656118 0.37674988510798463 0.99434455996149318
decision_type=2 2 2 2 2 2 2 2 2 2 2 2 2 2
left_child=-1 3 -3 -2 5 10 7 -7 -8 -9 11 12 13 -5
right_child=1 2 -4 4 -6 6 8 9 -10 -11 -12 -13 -14 -15
leaf_value=-0.052715432355124395 -0.010071235269867184 0.021050283342279274 0.062149579956944943 0.058205916329571943 0.083747644788160699 -0.052902886338558899 0.053318503270838258 -0.036068756619212501 -0.0041073283699886607 0.069555668043993907 0.0025472001706936778 -0.0047729800059377612 0.079218295271776776 -0.042506429193330413
leaf_weight=1.6185386018987635 3.4732088434975577 2.3357395980528959 0.51294718230565184 0.17375696999079104 0.07452020450728003 0.66557459066098079 0.34472288045799337 0.09809187424252741 0.66968151980108814 0.16596604783262592 2.33036435671238 0.44370364964561304 0.46383367753151106 0.14320859694271348
leaf_count=21843 2071 2431 730 91 58 141 189 28 258 117 898 172 193 35
internal_value=1.13401e-10 0.00717273 0.0284508 0.0004725 0.00704307 0.00600359 -0.00595435 -0.0292642 0.0154076 0.0303185 0.012543 0.0315661 0.0522164 0.0127029
internal_weight=13.5139 11.8953 2.84869 9.04663 5.57342 5.4989 1.94404 0.929633 1.0144 0.264058 3.55487 1.2245 0.780799 0.316966
internal_count=29255 7412 3161 4251 2180 2122 733 286 447 145 1389 491 319 126
is_linear=0
shrinkage=0.06


Tree=76
num_leaves=15
num_cat=0
split_feature=4 3 4 4 4 4 2 1 1 2 2 2 5 2
split_gain=1.33377 0.329838 0.324694 0.159989 0.177433 0.118926 0.116383 0.103447 0.326911 0.104102 0.0974091 0.248222 0.168788 0.141086
threshold=0.61121863025216394 0.83657787058855249 0.28708837802040804 0.95005136042471061 0.99973212717473914 0.76745850746238398 0.035814808323948295 0.99434430919799188 0.9943442932040788 0.21291855999701995 0.28992175372252821 0.25479496490761883 0.60500000000000009 0.24999008394054842
decision_type=2 2 2 2 2 2 2 2 2 2 2 2 2 2
left_child=2 3 -1 10 7 -3 -4 8 9 -5 11 13 -13 -2
right_child=1 5 6 4 -6 -7 -8 -9 -10 -11 -12 12 -14 -15
leaf_value=-0.05897561792083459 0.011718935520285481 0.0013971867539063823 -0.00096804528391014491 -0.051604732625529934 -0.0048063131103010213 0.056443478322379399 -0.032367704853808708 0.05053322403474024 -0.075454455373455798 0.067043811002754902 -0.00044693645208326058 0.079839384201236388 0.0037678980705078162 -0.039034750290050865
leaf_weight=1.2269389384273393 1.063263117510356 0.17637646070943525 0.75662112545796822 0.030751706624869035 0.51035064225288795 0.7103630018500553 0.9694394980533616 0.7478009340375138 0.10817951101489598 0.19823295035166666 5.6205743450773298 0.30243974341283308 0.16084566758217989 0.24206329415028438
leaf_count=19445 549 78 305 6 246 844 3401 1199 32 322 2490 198 68 72
internal_value=-1.99577e-10 0.0105833 -0.0353777 0.0071377 0.0243692 0.0454945 -0.0186036 0.038093 0.0105015 0.0511098 0.00341743 0.0156982 0.0534285 0.00230703
internal_weight=12.8242 9.87124 2.953 8.9845 1.59532 0.886739 1.72606 1.08497 0.337164 0.228985 7.38919 1.76861 0.463285 1.30533
internal_count=29255 6104 23151 5182 1805 922 3706 1559 360 328 3377 887 266 621
is_linear=0
shrinkage=0.06


Tree=77
num_leaves=15
num_cat=0
split_feature=4 4 3 4 3 3 4 4 2 2 2 1 1 3
split_gain=1.22439 0.365744 0.250477 0.106823 0.101355 0.0910625 0.0827977 0.15959 0.128799 0.218427 0.152149 0.104172 0.344252 0.100075
threshold=0.43308528946650876 0.7307350214846744 0.83657787058855249 0.78715553337066602 0.90073992928863467 0.83820208561790255 0.95005136042471061 0.99973212717473914 0.29608788986112877 0.25124590625201426 0.25000557765736559 0.99434430919799188 0.9943442932040788 0.73579218784057754
decision_type=2 2 2 2 2 2 2 2 2 2 2 2 2 2
left_child=5 4 6 -4 -2 -1 8 11 9 10 13 12 -8 -3
right_child=1 2 3 -5 -6 -7 7 -9 -10 -11 -12 -13 -14 -15
leaf_value=-0.055899019957515242 -0.011305180761433869 -0.0086049156347910091 -0.0094899388767795047 0.056612202106510655 0.077113195631844558 0.0072695346877515886 0.052489530339145947 -0.004978857189149752 0.0023160040304934415 0.05785359334241337 -0.056502165035235724 0.049129489360574811 -0.077033280885665495 0.043279010860325123
leaf_weight=1.3506583882781349 3.2150054254398115 0.26849518856033661 0.10233787762990676 0.62867846691915474 0.047360053125885204 0.087477082872282952 0.21629590885640915 0.50387271208819573 4.3400295718602138 0.44321129377203761 0.12399921374162659 0.70857420590800757 0.11219028225605143 0.26684173119429033
leaf_count=21294 2048 110 30 830 23 549 328 246 2064 268 20 1199 32 214
internal_value=-2.67184e-10 0.0068202 0.0139424 0.0473583 -0.0100216 -0.0520567 0.0104445 0.0227226 0.00696819 0.0252809 0.00338529 0.0361819 0.00825266 0.0172569
internal_weight=12.415 10.9769 7.71453 0.731016 3.26237 1.43814 6.98351 1.54093 5.44258 1.10255 0.659336 1.03706 0.328486 0.535337
internal_count=29255 7412 5341 860 2071 21843 4481 1805 2676 612 344 1559 360 324
is_linear=0
shrinkage=0.06


Tree=78
num_leaves=15
num_cat=0
split_feature=4 4 4 3 4 2 0 0 1 2 3 3 3 3
split_gain=1.1505 0.295518 0.189347 0.173865 0.101137 0.0966817 0.135928 0.105633 0.0902239 0.0865587 0.0800986 0.113701 0.0793338 0.0811762
threshold=0.52078778381871305 0.92618617480973142 0.28708837802040804 0.83185981497331374 0.7307350214846744 0.23659733286519807 0.73000000000000009 0.83000000000000018 0.9943449900701965 -0.78875190844849852 0.78825001115379179 0.76671485220466062 0.90073992928863467 0.74880553584714227
decision_type=2 2 2 2 2 2 2 2 2 2 2 2 2 2
left_child=2 4 -1 -3 5 6 10 -8 -6 -4 11 -2 13 -11
right_child=1 3 9 -5 8 -7 7 -9 -10 12 -12 -13 -14 -15
leaf_value=-0.05884741977224895 0.034841860656405009 0.019119380577825952 0.018040163021642432 0.061810257542630885 0.006404213740948122 -0.014991792647640161 -0.043100388425337886 0.081145731534037355 0.079600609575417619 -0.014038105699164014 0.061858406059965967 -0.038500629505259266 0.090789463338679655 -0.054327577689525182
leaf_weight=1.073673569049334 0.23813615694962043 2.0970336969949135 0.16282215443789028 0.41069485294065078 4.8618285044303775 1.7905192815960618 0.2003956635016948 0.028086844715289772 0.061389536476781248 0.37330225040159337 0.16749999764579115 0.11182941301376559 0.018984525348059833 0.34772991855334112
leaf_count=19445 144 2431 50 730 2122 918 89 6 58 1447 116 35 3 1661
internal_value=-3.05711e-10 0.0082924 -0.041818 0.0261109 0.00230233 -0.00743089 0.0107177 -0.0278271 0.00731693 -0.0215662 0.0277369 0.0114057 -0.0302806 -0.0334684
internal_weight=11.9439 9.96741 1.97651 2.50773 7.45969 2.53647 0.745948 0.228483 4.92322 0.902839 0.517466 0.349966 0.740017 0.721032
internal_count=29255 6649 22606 3161 3488 1308 390 95 2180 3161 295 179 3111 3108
is_linear=0
shrinkage=0.06


Tree=79
num_leaves=15
num_cat=0
split_feature=4 4 3 4 2 4 1 1 2 3 2 0 2 2
split_gain=1.09297 0.262439 0.248119 0.117671 0.103383 0.102107 0.0965313 0.0925107 0.087062 0.0841846 0.0807957 0.0859409 0.0803694 0.0797788
threshold=0.61121863025216394 0.28708837802040804 0.83657787058855249 0.84953773515527631 0.035814808323948295 0.81589878326412302 0.994344901635967 0.99434489356121636 -0.35317589806488864 0.65871741885878199 -0.25542457110613687 0.77000000000000013 -0.19240359438868854 0.2856013610797063
decision_type=2 2 2 2 2 2 2 2 2 2 2 2 2 2
left_child=1 -1 3 8 12 -4 7 9 -2 -5 11 -10 -3 -12
right_child=2 4 5 6 -6 -7 -8 -9 10 -11 13 -13 -14 -15
leaf_value=-0.058712115969121181 0.065024293086842835 -0.0094156317786471145 0.010073391310333297 0.079430005212585988 -0.033133159606716221 0.057931538044840893 0.050417454105327761 -0.062748468422322845 0.069290604248658086 0.012140182944120802 0.014409194872838186 -0.091296758751670426 0.053608262671871638 -0.0040579131100341231
leaf_weight=1.0035338532593425 0.074091332964599022 0.5909088372172846 0.23384549465481619 0.068354000013643001 0.84739070160503616 0.51161335070355562 0.25631409597735899 0.05823829933797231 0.014791092355153412 3.21820927981571 1.1188025323644941 0.063514053996186703 0.083084034682542329 3.4057982561353128
leaf_count=19445 82 258 110 85 3401 812 344 33 22 2890 555 3 47 1168
internal_value=2.23198e-11 -0.0348947 0.009764 0.00677835 -0.0191842 0.0429188 0.0149307 0.0122114 0.000501305 0.0135397 -0.000537298 -0.0609633 -0.00164659 0.000508467
internal_weight=11.5485 2.52492 9.02357 8.27811 1.52138 0.745459 3.60112 3.3448 4.677 3.28656 4.60291 0.0783051 0.673993 4.5246
internal_count=29255 23151 6104 5182 3706 922 3352 3008 1830 2975 1748 25 305 1723
is_linear=0
shrinkage=0.06


Tree=80
num_leaves=15
num_cat=0
split_feature=4 4 3 2 4 4 1 1 3 2 2 1 0 3
split_gain=1.00405 0.250917 0.219509 0.116064 0.103394 0.0909548 0.102371 0.109742 0.0834569 0.0782762 0.0766726 0.0829419 0.0822843 0.0728813
threshold=0.61121863025216394 0.22160609917557147 0.83657787058855249 -0.029724741047222 0.76745850746238398 0.84953773515527631 0.994344901635967 0.99434489356121636 0.65871741885878199 -0.35317589806488864 -0.19240359438868854 0.99434464975257908 0.57000000000000006 0.83029992252302975
decision_type=2 2 2 2 2 2 2 2 2 2 2 2 2 2
left_child=1 -1 5 10 -4 9 7 8 -7 -2 11 12 -3 -11
right_child=2 3 4 -5 -6 6 -8 -9 -10 13 -12 -13 -14 -15
leaf_value=-0.060498575921258783 0.064725592275362454 0.05002424226223396 -0.0017294091007257015 -0.03434050911020739 0.053534586201498979 0.078948226930487989 0.050411821236430135 -0.067396159188800181 0.011050460124061082 0.0014791505881991066 0.056663913699404059 0.020312308995374246 -0.036361317244967856 -0.038778092614387735
leaf_weight=0.85425342604367083 0.068221965375414473 0.045222731706417107 0.1563082633729217 0.87779131338265848 0.55323687356485607 0.066533419121698301 0.25442410223877221 0.063187777403072576 3.1824619323806473 4.3164389617886592 0.073456827051813889 0.22628747084127099 0.32475736487049289 0.16820259975065699
leaf_count=17810 82 26 78 4939 844 85 344 33 2890 1707 48 139 189 41
internal_value=-2.82047e-10 -0.0343965 0.00935693 -0.0199878 0.0413603 0.00656022 0.0137351 0.0109178 0.0124409 0.000939583 -0.00117601 -0.00830156 -0.0258024 -3.07522e-05
internal_weight=11.2308 2.40177 8.82902 1.54752 0.709545 8.11947 3.56661 3.31218 3.249 4.55286 0.669724 0.596268 0.36998 4.48464
internal_count=29255 23151 6104 5341 922 5182 3352 3008 2975 1830 402 354 215 1748
is_linear=0
shrinkage=0.06


Tree=81
num_leaves=15
num_cat=0
split_feature=4 4 3 4 3 0 1 0 4 2 3 0 2 1
split_gain=0.932876 0.289635 0.201926 0.087456 0.0815081 0.0784316 0.0980156 0.0777226 0.0902702 0.0715189 0.0760541 0.0717898 0.0832415 0.0663322
threshold=0.43308528946650876 0.7307350214846744 0.83657787058855249 0.81589878326412302 0.83820208561790255 0.57000000000000006 0.99434434451521558 0.53000000000000014 0.75476812130449222 0.65310783734579492 0.86728152601218456 0.67000000000000004 -0.044563257115681355 0.99434501697077071
decision_type=2 2 2 2 2 2 2 2 2 2 2 2 2 2
left_child=4 9 7 5 -1 -4 -7 8 -3 10 11 12 -2 -9
right_child=1 2 3 -5 -6 6 -8 13 -10 -11 -12 -13 -14 -15
leaf_value=-0.056091377514418346 0.033998863120015078 -0.070824503335443739 -0.080358045516154095 0.058024476468734272 0.013790200610501707 -0.053311095941955655 0.069551256981738793 0.0076497522853885584 0.059678348620378713 -0.022783694568425841 0.066952225390965403 -0.018049506035364454 -0.0056302369305470615 0.090665711936723486
leaf_weight=1.0482670709370729 0.27508185057376966 0.021331140713300445 0.031104222522117086 0.46570540513039305 0.063740248865542415 0.035251473280368373 0.069385146372951567 6.1650723555540026 0.18090924967327737 1.0463464873591874 0.054239290198893397 0.81957814692577813 0.6229055000585485 0.034845879286876769
leaf_count=21294 137 4 4 812 549 10 34 4294 152 884 49 526 475 31
internal_value=9.29536e-11 0.00589709 0.012433 0.0456722 -0.0520858 0.00329344 0.0281596 0.00931033 0.0459137 -0.0103457 -0.00300043 -0.00520948 0.00650941 0.00811633
internal_weight=10.9338 9.82176 7.0036 0.601446 1.11201 0.135741 0.104637 6.40216 0.20224 2.81815 1.7718 1.71757 0.897987 6.19992
internal_count=29255 7412 5341 860 21843 48 44 4481 156 2071 1187 1138 612 4325
is_linear=0
shrinkage=0.06


Tree=82
num_leaves=15
num_cat=0
split_feature=4 4 4 4 1 1 1 3 3 3 0 5 4 3
split_gain=0.86707 0.258904 0.141811 0.169528 0.101922 0.318526 0.151785 0.202596 0.150827 0.238475 0.134369 0.131966 0.165571 0.127309
threshold=0.43308528946650876 0.70237479664194002 0.95005136042471061 0.99973212717473914 0.99434448999872471 0.99434455728556193 0.99434447084863986 0.76270132693215464 0.78762753933585061 0.77503234773975371 0.79000000000000015 0.64500000000000013 0.75476812130449222 0.81822119627495649
decision_type=2 2 2 2 2 2 2 2 2 2 2 2 2 2
left_child=-1 -2 4 -4 6 -6 8 -8 9 11 13 12 -3 -10
right_child=1 2 3 -5 5 -7 7 -9 10 -11 -12 -13 -14 -15
leaf_value=-0.051866582716383745 -0.012278757538948692 -0.02710947388472619 0.039825676791666438 -0.0021331877375603959 0.062685862406761703 0.006471184700169305 -0.065775802195531724 0.096464316476987347 -0.037812570387809608 0.088883880395462106 0.077959764505029602 -0.014814049828976985 0.040696708725238485 0.0061486136819742616
leaf_weight=1.0470044043267996 2.2378138088206452 0.17091372473805744 1.1108065739390438 0.50391449900598662 0.41899756779093911 2.7087397141440306 0.2251035219633194 0.031598312385540339 0.57714866601236259 0.14319956773397269 0.053431285647093318 0.55207958976097871 0.53688082048756769 0.40256013844555127
leaf_count=21843 1853 60 1962 327 297 1584 58 40 219 120 57 233 319 283
internal_value=-7.48945e-10 0.00561392 0.0109991 0.0267314 0.00663472 0.0140018 -0.00192191 -0.0458051 0.00270202 0.0155127 -0.0146958 0.00717323 0.0243233 -0.019749
internal_weight=10.7202 9.67319 7.43537 1.61472 5.82065 3.12774 2.69292 0.256702 2.43621 1.40307 1.03314 1.25987 0.707795 0.979709
internal_count=29255 7412 5559 2289 3270 1881 1389 98 1291 732 559 612 379 502
is_linear=0
shrinkage=0.06


Tree=83
num_leaves=15
num_cat=0
split_feature=4 4 3 3 0 4 4 2 1 1 3 1 4 4
split_gain=0.810068 0.281121 0.176978 0.101787 0.0926578 0.0843969 0.0789861 0.0708067 0.0854323 0.122718 0.0723092 0.122468 0.0576416 0.0765132
threshold=0.33004486113997111 0.7307350214846744 0.83657787058855249 0.83029992252302975 0.53000000000000014 0.75476812130449222 0.76745850746238398 0.43134862520251033 0.99434433554926971 0.99434433150935331 0.77441613380515462 0.99434441751416458 0.89388724996930125 0.90971813201883334
decision_type=2 2 2 2 2 2 2 2 2 2 2 2 2 2
left_child=-1 7 3 4 5 -3 -4 8 9 -2 -10 -12 -7 -14
right_child=1 2 6 -5 -6 12 -8 -9 10 -11 11 -13 13 -15
leaf_value=-0.057104375439146642 -0.011930599630544252 -0.066969033191110944 -0.024388264890338324 -0.028388506212276097 0.0092705221611794879 0.10606589950377103 0.052558082342845432 -0.022455380014535682 -0.0054812948314336687 -0.096494830882608268 0.0896451280727186 0.009357580769049776 -0.064710570642971699 0.071269870141652994
leaf_weight=0.82227027996441471 0.41530134820459208 0.018253970833029487 0.053322809733799548 0.25177646330575942 5.548434480960168 0.076279180342680775 0.48348723467825039 1.1124245067740046 0.83288248112012275 0.072574547837575665 0.084127309255563887 0.36576020675693144 0.021142039069673046 0.050427406837115996
leaf_count=20317 468 4 16 174 4166 45 844 1665 952 13 66 433 5 87
internal_value=-3.61652e-11 0.00500258 0.0119164 0.00894746 0.0105924 0.0547494 0.0449148 -0.0105925 -0.00313948 -0.0245101 0.00498839 0.0243711 0.0697772 0.0311004
internal_weight=10.2085 9.38619 6.50312 5.96631 5.71454 0.166103 0.53681 2.88307 1.77065 0.487876 1.28277 0.449888 0.147849 0.0715694
internal_count=29255 8938 5341 4481 4307 141 860 3597 1932 481 1451 499 137 92
is_linear=0
shrinkage=0.06


Tree=84
num_leaves=15
num_cat=0
split_feature=4 4 3 2 4 1 3 4 5 0 3 3 3 3
split_gain=0.789835 0.207471 0.170446 0.0941927 0.0941844 0.0844681 0.0827772 0.0816749 0.0931162 0.0812674 0.0761234 0.0775382 0.113971 0.0884423
threshold=0.61121863025216394 0.22160609917557147 0.83657787058855249 -0.029724741047222 0.84953773515527631 0.994344901635967 0.83029992252302975 0.90971813201883334 0.62500000000000011 0.57000000000000006 0.65871741885878199 0.66890153807324759 0.69134476192536476 0.72554580564387339
decision_type=2 2 2 2 2 2 2 2 2 2 2 2 2 2
left_child=1 -1 4 -3 6 10 -2 8 9 -4 -6 -12 -13 -14
right_child=2 3 7 -5 5 -7 -8 -9 -10 -11 11 12 13 -15
leaf_value=-0.060449827355789819 0.0016215897224522897 -0.0019426045979868702 -0.03222053273280534 -0.034049436182438178 0.078196129055885716 0.048806920039574486 -0.043181931630376341 0.061942893082228861 -0.030235700712853475 0.059756824914300302 -0.043378406613062796 0.082012298322777885 -0.01293460138168654 0.014480312236303689
leaf_weight=0.6824089378524153 3.9139375341910636 0.59258943848544732 0.043782097316579782 0.73937064226356575 0.059431376808789405 0.2283133280225228 0.15430569710588304 0.29283412660788599 0.099033087404677644 0.16458421173956594 0.096178103733109643 0.079972371859185265 0.52078044341215024 2.2709511429675331
leaf_count=17810 1787 402 16 4939 86 344 43 721 46 139 37 103 357 2425
internal_value=-1.24401e-10 -0.0335479 0.00852813 -0.0197651 0.00600896 0.013615 -7.77774e-05 0.0392664 0.0176644 0.0404305 0.0109609 0.00961449 0.0113893 0.00936623
internal_weight=9.93847 2.01437 7.9241 1.33196 7.32387 3.25563 4.06824 0.600234 0.307399 0.208366 3.02731 2.96788 2.8717 2.79173
internal_count=29255 23151 6104 5341 5182 3352 1830 922 201 155 3008 2922 2885 2782
is_linear=0
shrinkage=0.06


Tree=85
num_leaves=15
num_cat=0
split_feature=4 4 4 3 1 1 0 1 4 2 3 2 3 0
split_gain=0.728887 0.186152 0.133663 0.131634 0.0929444 0.177691 0.117615 0.131719 0.124207 0.0989049 0.0877718 0.0875205 0.0858029 0.0844268
threshold=0.52078778381871305 0.92618617480973142 0.22160609917557147 0.83185981497331374 0.99434448009499443 0.99434447084863986 0.6100000000000001 0.99434459163009403 1.0077376954543686 0.20842364024302529 0.72192580945638329 -0.78875190844849852 0.72645308588603974 0.59000000000000008
decision_type=2 2 2 2 2 2 2 2 2 2 2 2 2 2
left_child=2 -2 -1 4 5 9 7 -6 -8 -3 -9 -4 -12 -14
right_child=1 3 11 -5 6 -7 8 10 -10 -11 12 -13 13 -15
leaf_value=-0.060439512932435255 0.0015065298954684088 -0.071040244626088711 0.01766729952221362 0.061461946296951085 0.081576885813436487 -0.077548149631996369 0.065301577985365872 0.055777894083677677 -0.010190415589460326 0.016763639769575064 -0.098435629915276809 -0.033394151713368035 0.030111743672577206 -0.044026080665732777
leaf_weight=0.63790056102334414 6.17972156539963 0.04900009340781275 0.15149170687527658 0.26810454357564584 0.068909830606571632 0.088621942119061714 0.39007692241830227 0.060252326766203623 0.098214496494620107 0.80364758959512983 0.046529438011930324 0.59733930558650172 0.10531211531997542 0.11643447632013704
leaf_count=17810 3488 10 80 730 100 38 907 65 55 1014 5 4716 151 86
internal_value=-1.97063e-10 0.00674644 -0.040257 0.0222021 0.0164409 0.0033132 0.0303917 0.00615698 0.0501172 0.0117177 -0.00966257 -0.0230642 -0.0243599 -0.00881647
internal_weight=9.66156 8.27483 1.38673 2.0951 1.827 0.94127 0.88573 0.397438 0.488291 0.852648 0.328528 0.748831 0.268276 0.221747
internal_count=29255 6649 22606 3161 2431 1062 1369 407 962 1024 307 4796 242 237
is_linear=0
shrinkage=0.06


Tree=86
num_leaves=15
num_cat=0
split_feature=4 4 4 4 1 1 3 5 1 3 1 1 4 2
split_gain=0.686791 0.234832 0.10332 0.177385 0.13046 0.111752 0.0810191 0.0754658 0.0767247 0.0746009 0.109768 0.266569 0.0915464 0.0733394
threshold=0.66857226192981167 0.22160609917557147 0.95005136042471061 0.99973212717473914 0.99434415032599632 0.99434435013644873 0.86728152601218456 0.48500000000000004 0.99434459163009403 0.69247776855950416 0.99434430919799188 0.9943442932040788 0.95874585114599353 0.22957969935645986
decision_type=2 2 2 2 2 2 2 2 2 2 2 2 2 2
left_child=1 -1 13 7 -5 -6 -3 -4 9 12 11 -11 -9 -2
right_child=2 6 3 4 5 -7 -8 8 -10 10 -12 -13 -14 -15
leaf_value=-0.060420183967329469 0.032019614426069272 -0.019338698989483285 0.063302104107996443 -0.091240256517290022 0.078823200916907338 -0.00901269022611338 0.050398007683327813 -0.080411566760786063 -0.065963504669997425 0.05238600020120153 0.06557500442315152 -0.070081548152624781 0.068852168538780498 0.0040258650031745041
leaf_weight=0.59445131721781796 0.36005107931305236 1.742110202125559 0.30132028428670288 0.058134701374001452 0.062209115349105559 0.32233349795296817 0.062112837624226702 0.042991077125407173 0.030423914678976871 0.19854110493861299 0.27754453576289961 0.094408778990327846 0.022551893671334255 5.2426460896285789
leaf_count=17810 374 5611 809 16 83 228 57 13 10 397 650 38 45 3114
internal_value=-7.99427e-11 -0.0277139 0.00947885 0.0239934 -0.00746773 0.0051969 -0.0169379 0.0383842 0.0271184 0.0315708 0.0385358 0.0129185 -0.0290532 0.00582485
internal_weight=9.41183 2.39867 7.01316 1.41046 0.442677 0.384543 1.80422 0.967782 0.666461 0.636037 0.570494 0.29295 0.065543 5.6027
internal_count=29255 23478 5777 2289 327 311 5668 1962 1153 1143 1085 435 58 3488
is_linear=0
shrinkage=0.06


Tree=87
num_leaves=15
num_cat=0
split_feature=4 4 4 4 2 2 2 1 2 3 0 4 1 1
split_gain=0.642206 0.176563 0.1575 0.13171 0.1054 0.0878679 0.0808354 0.0714541 0.0740108 0.0713011 0.0755 0.0659204 0.0651918 0.10573
threshold=0.61121863025216394 0.22160609917557147 0.95005136042471061 0.99973212717473914 0.260223064222945 -0.35317589806488864 -0.029724741047222 0.99434490993400515 -0.19240359438868854 0.73015066337994294 0.55000000000000016 0.7307350214846744 0.99434445382309744 0.99434445067782562
decision_type=2 2 2 2 2 2 2 2 2 2 2 2 2 2
left_child=1 -1 5 12 -5 -2 7 8 -3 -6 -11 -7 13 -4
right_child=2 6 3 4 9 11 -8 -9 -10 10 -12 -13 -14 -15
leaf_value=-0.060404696834212089 0.064480969864776611 -0.016601602060774604 0.032988085728637928 -0.07966240836018923 -0.017956994183846428 -0.008627249131190718 -0.033770814064256673 0.078342697250945656 0.054232475075943802 -0.04155242067135554 0.053672690869605126 0.0063387690079618883 0.055869844282126997 -0.064298513346836048
leaf_weight=0.55535794611046174 0.084453864297756698 0.46264060953990338 0.42236524198369785 0.053885198009083979 0.170810884104867 1.3821499274235973 0.66343593860415218 0.036515894777039648 0.059987733446178026 0.03714021163614234 0.1553491510958338 4.5390236652383464 0.44235394667521177 0.044447927619330585
leaf_count=17810 120 319 784 14 52 680 4939 39 44 14 247 3015 1156 22
internal_value=-3.03236e-10 -0.0323507 0.00784475 0.0265572 -0.00135463 0.00371207 -0.0196071 -0.00280167 -0.00847121 0.0102601 0.0352993 0.00284533 0.039365 0.0237249
internal_weight=9.10992 1.77794 7.33198 1.32635 0.417185 6.00563 1.22258 0.559144 0.522628 0.3633 0.192489 5.92117 0.909167 0.466813
internal_count=29255 23151 6104 2289 327 3815 5341 402 363 313 261 3695 1962 806
is_linear=0
shrinkage=0.06


Tree=88
num_leaves=15
num_cat=0
split_feature=4 4 4 4 1 4 2 2 1 2 3 1 1 2
split_gain=0.590165 0.214724 0.157708 0.180604 0.118585 0.0910996 0.0783931 0.098153 0.220539 0.0931134 0.084448 0.0823279 0.0958841 0.0829562
threshold=0.43308528946650876 0.95005136042471061 0.4449411386959794 0.66857226192981167 0.99434496276368067 0.99973212717473914 0.28992175372252821 0.25479496490761883 0.99434432271785222 0.24999008394054842 0.81731700977784205 0.9943446839950566 0.99434419331623736 0.1179112347556214
decision_type=2 2 2 2 2 2 2 2 2 2 2 2 2 2
left_child=-1 2 4 -4 -2 -3 7 9 -9 10 11 12 -5 -13
right_child=1 5 3 6 -6 -7 -8 8 -10 -11 -12 13 -14 -15
leaf_value=-0.051189619504119772 -0.064716237372752991 0.038224082148874905 -0.019078875988705946 0.072056692561578845 0.12161854505988447 0.0033602423833487406 0.00090841516051636288 -0.015575196131554043 0.085657074202250952 -0.032160080834284101 0.075905537901027303 -0.022721857267586871 -0.015133598888542703 0.078320403747806355
leaf_weight=0.74342609075438382 0.015280671203980023 0.87013688006072676 1.4735254137904119 0.05203590593737295 0.062938487601059023 0.39108676478099369 4.265497794386647 0.12647936398570891 0.19994854264587048 0.16900889261160046 0.079248070287576411 0.041205260666174581 0.35637266241246834 0.10082918636908289
leaf_count=21843 105 1962 1526 29 4 327 2659 64 192 68 114 37 236 89
internal_value=-4.40841e-10 0.00463891 0.000501466 -0.000463891 0.0852167 0.0274133 0.00462451 0.0187127 0.0464331 0.00738335 0.0179968 0.0096596 -0.00402456 0.0490073
internal_weight=8.94702 8.20359 6.94237 6.86415 0.0782192 1.26122 5.39063 1.12513 0.326428 0.7987 0.629691 0.550443 0.408409 0.142034
internal_count=29255 7412 5123 5014 109 2289 3488 829 256 573 505 391 265 126
is_linear=0
shrinkage=0.06


Tree=89
num_leaves=15
num_cat=0
split_feature=4 4 4 2 3 3 2 4 2 3 1 1 1 3
split_gain=0.560756 0.216052 0.101038 0.147958 0.141993 0.14254 0.139992 0.125214 0.123987 0.116687 0.110927 0.16809 0.165377 0.121814
threshold=0.68632454357222372 0.22160609917557147 0.95005136042471061 0.32913402227783656 0.70669950629179656 0.72492785857514497 0.25922581114328036 0.77615158539313467 0.23010352133886028 0.66690338550775996 0.9943443770546605 0.99434455728556193 0.9943446839950566 0.83185981497331374
decision_type=2 2 2 2 2 2 2 2 2 2 2 2 2 2
left_child=1 -1 3 4 8 7 -4 -6 9 -2 13 -12 -13 -7
right_child=2 -3 6 -5 5 10 -8 -9 -10 -11 11 12 -14 -15
leaf_value=-0.060392026423610176 -0.062727409181920782 -0.015737107238508793 -0.042690436854316706 -0.00056888126686643144 0.087123290564787972 0.014708745430874444 0.030557528515166382 -0.060464974380948937 0.089171662819198472 0.072924994050028974 0.08905814442130007 -0.024397846646557076 0.051644248405787158 -0.070054674851059692
leaf_weight=0.49590120825473638 0.046608726221165742 1.8273762485187033 0.10238730923265382 3.8414174225526949 0.024270790778245788 0.2551963846453873 1.1374891768032283 0.14043860999845492 0.18466426356462762 0.044741729081579251 0.16479510332464997 0.18704714857813087 0.22903086413134588 0.080222126258377102
leaf_count=17810 21 5777 94 2436 33 181 2195 43 109 31 180 104 211 30
internal_value=2.33919e-10 -0.0252687 0.00911825 0.00544745 0.0224784 0.0126712 0.0245088 -0.0387171 0.0608879 0.00371258 0.0219085 0.0377723 0.0174597 -0.00556414
internal_weight=8.76159 2.32328 6.43831 5.19843 1.35702 1.081 1.23988 0.164709 0.276015 0.0913505 0.916292 0.580873 0.416078 0.335419
internal_count=29255 23587 5668 3379 943 782 2289 76 161 52 706 495 315 211
is_linear=0
shrinkage=0.06


Tree=90
num_leaves=15
num_cat=0
split_feature=4 4 3 4 3 0 3 3 5 3 1 1 1 4
split_gain=0.526592 0.204737 0.0915519 0.123299 0.119304 0.075889 0.0683236 0.0650703 0.0624162 0.0615271 0.0648597 0.208586 0.164345 0.12019
threshold=0.68632454357222372 0.22160609917557147 0.83657787058855249 0.76745850746238398 0.83492595285674776 0.69000000000000006 0.87428084948405649 0.62181835353669801 0.85500000000000009 0.627168616777667 0.99434448999872471 0.99434455728556193 0.99434446819752098 0.89388724996930125
decision_type=2 2 2 2 2 2 2 2 2 2 2 2 2 2
left_child=1 -1 4 -4 7 -6 -3 -2 9 -9 12 -12 -11 -13
right_child=2 6 3 -5 5 -7 -8 8 -10 10 11 13 -14 -15
leaf_value=-0.060378561062656946 0.091904874260669914 -0.017625231702418656 -0.025327936268355011 0.051092741864061653 0.086388339520479099 -0.097004899377894638 0.054110703552969333 -0.066305865600317329 0.10232473307632979 0.0060598572162817495 0.056700256245732272 -0.0007801206004377396 -0.040930675584731034 0.027137416304581729
leaf_weight=0.46415761473076633 0.032993306551361345 1.7374541467222568 0.096446732768526888 0.35859650272050203 0.0094183252049332422 0.059060906944068847 0.049148981520374835 0.040940344319096655 0.024827061824907903 2.3323697445603107 0.35570367608670528 1.8204683581279826 0.30271587745301065 0.79873284837276504
leaf_count=17810 31 5728 40 844 22 15 49 10 26 1853 393 888 162 1384
internal_value=-1.00411e-10 -0.0248755 0.00898367 0.0348953 0.00694274 -0.0717818 -0.0156518 0.00788708 0.00739869 0.00698163 0.00751647 0.0135883 0.000661634 0.00773341
internal_weight=8.48303 2.25076 6.23227 0.455043 5.77723 0.0684792 1.7866 5.70875 5.67576 5.65093 5.60999 2.9749 2.63509 2.6192
internal_count=29255 23587 5668 884 4784 37 5777 4747 4716 4690 4680 2665 2015 2272
is_linear=0
shrinkage=0.06


Tree=91
num_leaves=15
num_cat=0
split_feature=4 4 4 3 2 3 1 1 3 2 0 0 2 4
split_gain=0.495204 0.109336 0.101528 0.101134 0.0737812 0.0729792 0.0919349 0.119863 0.118281 0.0646716 0.0652011 0.0802125 0.0698232 0.0644339
threshold=0.52078778381871305 0.7307350214846744 0.22160609917557147 0.83657787058855249 -0.78875190844849852 0.83029992252302975 0.99434415339805016 0.99434437393650055 0.83318080228674585 0.24563760442289082 0.77000000000000013 0.83000000000000018 -0.0091237657230511925 0.76745850746238398
decision_type=2 2 2 2 2 2 2 2 2 2 2 2 2 2
left_child=2 9 -1 5 -4 -3 -7 -8 -9 10 12 -12 -2 -5
right_child=1 3 4 13 -6 6 7 8 -10 -11 11 -13 -14 -15
leaf_value=-0.060363626105179785 0.047049584465417175 0.0091836472040966854 0.015241245142028183 -0.024219435394653155 -0.033695585302407044 -0.10949092504475065 0.10995293473139599 -0.057455725145380075 0.054593328600656792 -0.015346974165398767 -0.060989180445265224 0.082745940869402596 -0.0010912951225967183 0.048742656839407483
leaf_weight=0.43454158115559927 0.18886671222753648 4.8265023383555672 0.14272312060347758 0.050009647617116459 0.49760541320574703 0.03873410855885584 0.026650724868886755 0.12419301353156698 0.046657401072479843 1.1819963555026332 0.078230882754724007 0.017017609920003451 0.25476736291602708 0.33857123448342463
leaf_count=17810 219 4307 80 16 4716 4 37 74 59 885 39 6 159 844
internal_value=1.55827e-12 0.00569175 -0.0379789 0.00985402 -0.022788 0.00758992 -0.0249714 -0.00839535 -0.0268563 -0.00749332 0.00973306 -0.0353087 0.0194035 0.0393526
internal_weight=8.24707 7.1722 1.07487 5.45132 0.640329 5.06274 0.236235 0.197501 0.17085 1.72088 0.538883 0.0952485 0.443634 0.388581
internal_count=29255 6649 22606 5341 4796 4481 174 170 133 1308 423 45 378 860
is_linear=0
shrinkage=0.06


Tree=92
num_leaves=15
num_cat=0
split_feature=4 4 4 4 5 1 2 2 3 1 1 4 2 3
split_gain=0.467951 0.160364 0.087123 0.107783 0.0746257 0.0735224 0.0635066 0.07746 0.0598681 0.112087 0.232968 0.0800166 0.0669957 0.0580086
threshold=0.64965798362674654 0.22160609917557147 0.95005136042471061 0.99973212717473914 0.48500000000000004 0.99434459163009403 0.052906793703326023 0.080736204892211505 0.69247776855950416 0.99434430919799188 0.9943442932040788 0.95874585114599353 0.21291855999701995 0.67247998885508864
decision_type=2 2 2 2 2 2 2 2 2 2 2 2 2 2
left_child=1 -1 6 4 -4 8 -2 -8 11 10 12 -6 -10 -5
right_child=2 -3 3 13 5 -7 7 -9 9 -11 -12 -13 -14 -15
leaf_value=-0.060352414978068029 0.051862049060292147 -0.017393352103319777 0.062877277036295892 -0.073019828688394323 -0.083772596903066696 -0.072923803010919483 -0.081869108128655235 0.0040296544573023112 -0.053325510433487218 0.064880796946991115 -0.074712490423893371 0.068311611014266596 0.064810522798244952 0.0039989128392284735
leaf_weight=0.40699777692020678 0.09917319118449075 1.3519425580254845 0.24109517080751153 0.039418598120391835 0.036082474649447249 0.027424460829934105 0.038083697887486667 4.9431451731893503 0.019823398644803092 0.22840402590418307 0.083496733285755909 0.019018583387151011 0.13478059055296399 0.32933015360458739
leaf_count=17810 186 5559 809 8 13 10 7 3404 7 650 38 45 390 319
internal_value=-1.87368e-10 -0.0273336 0.00770572 0.0225508 0.0350512 0.022832 0.00431946 0.00337292 0.0278666 0.0348526 0.00604727 -0.0312795 0.0496631 -0.00423426
internal_weight=7.99822 1.75894 6.23928 1.15887 0.790125 0.54903 5.0804 4.98123 0.521606 0.466505 0.238101 0.0551011 0.154604 0.368749
internal_count=29255 23369 5886 2289 1962 1153 3597 3411 1143 1085 435 58 397 327
is_linear=0
shrinkage=0.06


Tree=93
num_leaves=15
num_cat=0
split_feature=4 4 4 4 2 2 0 0 0 1 1 3 3 1
split_gain=0.441259 0.17102 0.078605 0.0987691 0.0709476 0.129311 0.0830672 0.089007 0.0978405 0.103762 0.0855552 0.0810279 0.117697 0.0954459
threshold=0.68632454357222372 0.28708837802040804 0.95005136042471061 0.99973212717473914 0.32913402227783656 0.33910371366545289 0.81000000000000016 0.71000000000000008 0.67000000000000004 0.99434447084863986 0.99434497046489045 0.70669950629179656 0.70933381246174532 0.9943443770546605
decision_type=2 2 2 2 2 2 2 2 2 2 2 2 2 2
left_child=1 -1 4 -4 11 -6 7 8 -7 -10 -11 -2 -13 -14
right_child=2 -3 3 -5 5 6 -8 -9 9 10 -12 12 13 -15
leaf_value=-0.058535332348041279 0.052419349410506327 -0.015293456255395452 0.03563610867690032 -0.0029085293078187032 -0.059158516657370278 0.0025040678565228457 0.080893565287038352 -0.013191798746724902 0.0072627568534660014 0.083572147818042022 -0.029389651080307673 -0.084484111260002284 -0.0093471243374244669 0.03027276314553197
leaf_weight=0.41486416543511984 0.20182132462832647 1.5957220382636021 0.72831543923552977 0.35646648996089425 0.12490652282940606 1.937908190151121 0.048583349604086723 0.99377511934062557 0.23116838778923909 0.16382706692729698 0.02830780608474015 0.044670889590634033 0.35299699923780281 0.57618837099471421
leaf_count=19445 161 4142 1962 327 22 1316 46 660 158 212 22 13 230 539
internal_value=-2.08277e-10 -0.024216 0.00841058 0.0229701 0.00505315 0.00079981 0.0030002 0.00187223 0.00821231 0.034345 0.0669291 0.0178184 0.0106477 0.0152212
internal_weight=7.79952 2.01059 5.78894 1.08478 4.70415 3.52848 3.40357 3.35499 2.36121 0.423303 0.192135 1.17568 0.973856 0.929185
internal_count=29255 23587 5668 2289 3379 2436 2414 2368 1708 392 234 943 782 769
is_linear=0
shrinkage=0.06


Tree=94
num_leaves=15
num_cat=0
split_feature=4 4 3 2 4 3 4 2 2 0 4 3 3 3
split_gain=0.410977 0.125126 0.0982111 0.0684294 0.0622404 0.0596716 0.055616 0.0584274 0.111756 0.0716943 0.0650612 0.0804644 0.10725 0.0921201
threshold=0.61121863025216394 0.22160609917557147 0.83657787058855249 0.14576701760496172 0.90971813201883334 0.83029992252302975 0.70237479664194002 0.31672341390619291 0.25479496490761883 0.81000000000000016 0.77615158539313467 0.72492785857514497 0.76561707291075642 0.70844772609998496
decision_type=2 2 2 2 2 2 2 2 2 2 2 2 2 2
left_child=1 -1 5 -3 -4 6 -2 8 10 -9 -8 13 -13 -12
right_child=2 3 4 -5 -6 -7 7 9 -10 -11 11 12 -14 -15
leaf_value=-0.060330445076773001 -0.0099582432354872359 -0.0030066211013596508 0.014169278054661035 -0.034390107338776343 0.061642385014037453 -0.027162202966990442 0.029593961273337278 0.0036290919340523317 0.044466315300838728 0.074244095009965025 0.006518556104052547 0.083460018904130212 -0.011997114522161482 -0.082053380775212167
leaf_weight=0.35831722025272927 0.7149960897877462 0.49042584593689731 0.22507908937586751 0.51044086530441746 0.17808428402122445 0.20643106642455666 0.23009084412660719 3.844352459045695 0.42023849822362536 0.052466288461800903 0.077907740062073572 0.057916590672903112 0.15787769692724396 0.092421644543719594
leaf_count=17810 494 548 201 4793 721 183 152 3516 416 80 65 91 165 20
internal_value=9.27229e-11 -0.0299048 0.0064952 -0.0190122 0.035139 0.00452275 0.00568076 0.00794737 0.0206085 0.00457984 0.00433823 -0.0107116 0.0136224 -0.0415411
internal_weight=7.61705 1.35918 6.25786 1.00087 0.403163 5.8547 5.64827 4.93327 1.03645 3.89682 0.616215 0.386124 0.215794 0.170329
internal_count=29255 23151 6104 5341 922 5182 4999 4505 909 3596 493 341 256 85
is_linear=0
shrinkage=0.06


Tree=95
num_leaves=15
num_cat=0
split_feature=4 4 3 3 2 2 4 4 2 2 2 0 4 4
split_gain=0.38819 0.125382 0.070113 0.0846258 0.0887189 0.109911 0.0701459 0.0689813 0.0758794 0.0958338 0.126387 0.0745914 0.0686869 0.0683696
threshold=0.43308528946650876 0.70237479664194002 0.83657787058855249 0.83029992252302975 0.31672341390619291 0.25479496490761883 0.95874585114599353 0.77615158539313467 0.24999008394054842 0.23250398573856873 0.23070248132096627 0.65000000000000002 0.81589878326412302 0.97002176804720486
decision_type=2 2 2 2 2 2 2 2 2 2 2 2 2 2
left_child=-1 -2 3 4 5 7 -6 8 9 10 -3 -9 -4 -8
right_child=1 2 12 -5 6 -7 13 11 -10 -11 -12 -13 -14 -15
leaf_value=-0.050136794996920364 -0.011464095749314965 0.050421923664212033 -0.003821603002426446 -0.031556876203100652 -6.6285557066774836e-05 0.046089953501444618 0.06399215102589309 0.029290275321282141 -0.030436154567592182 0.11654035059464533 -0.098636847052538071 -0.028782534891108703 0.052388405257245779 0.012627364826468307
leaf_weight=0.51784822530123609 1.5366623538830024 0.10797378508141242 0.11700691709120281 0.20574737015886047 3.2420395520639436 0.43928003793553216 0.11264485957599379 0.11799651564433589 0.055198300295160152 0.054588924547715578 0.025271004065871239 0.24484877324539411 0.23634306714075137 0.54294074882318455
leaf_count=21843 1853 104 64 178 2309 416 389 138 23 24 1 203 812 898
internal_value=2.12306e-10 0.00368873 0.00792087 0.00614646 0.00771589 0.0232391 0.00355329 0.00667159 0.031409 0.0495833 0.0221517 -0.00989738 0.0337752 0.021453
internal_weight=7.55639 7.03854 5.50188 5.14853 4.94278 1.04516 3.89763 0.605877 0.243032 0.187834 0.133245 0.362845 0.35335 0.655586
internal_count=29255 7412 5559 4683 4505 909 3596 493 152 129 105 341 876 1287
is_linear=0
shrinkage=0.06


Tree=96
num_leaves=15
num_cat=0
split_feature=4 4 3 3 2 0 3 4 1 1 3 0 3 1
split_gain=0.363135 0.127093 0.0828256 0.0863492 0.0576489 0.0635397 0.0752314 0.0537 0.13116 0.136919 0.107987 0.0959083 0.0849818 0.0838529
threshold=0.43308528946650876 0.7307350214846744 0.83657787058855249 0.83029992252302975 0.43134862520251033 0.65000000000000002 0.82363649155445351 0.79604065864128615 0.99434434054028487 0.99434444734044847 0.75052320437477704 0.63000000000000012 0.78956312012884478 0.99434476805059824
decision_type=2 2 2 2 2 2 2 2 2 2 2 2 2 2
left_child=-1 4 3 7 5 -2 -7 8 10 -10 11 -3 13 -11
right_child=1 2 -4 -5 -6 6 -8 -9 9 12 -12 -13 -14 -15
leaf_value=-0.049624147002827537 0.017277885197658664 0.10763871031309222 0.038673462321900602 -0.031346446852092327 -0.022138052152716834 -0.017691936623960906 0.053058551508782602 0.00454712639743572 0.095243194115329791 -0.0020046311128783627 -0.036880518008382455 0.0016779722904715223 0.073184456167997444 0.049392990742644603
leaf_weight=0.49505822874129979 0.43017468460402575 0.040538754532462695 0.31091850291613798 0.20541388910987723 0.77474721961971216 0.65898581009878399 0.058945299673723639 3.269460901844468 0.11268682097215788 0.36987771984786377 0.21612089300106163 0.12737532636492688 0.10384344555677671 0.16535604777527624
leaf_count=21843 458 16 860 174 996 539 78 3710 67 183 79 44 87 121
internal_value=2.50723e-10 0.00358931 0.00869981 0.00667855 -0.00949114 -0.000956945 -0.011883 0.00845163 0.0196909 0.0342639 -0.00883612 0.0272596 0.0235115 0.0138742
internal_weight=7.3395 6.84445 4.92159 4.61067 1.92285 1.14811 0.717931 4.40526 1.1358 0.751764 0.384035 0.167914 0.639077 0.535234
internal_count=29255 7412 5341 4481 2071 1075 617 4307 597 458 139 60 391 304
is_linear=0
shrinkage=0.06


Tree=97
num_leaves=15
num_cat=0
split_feature=4 4 4 4 1 1 1 1 2 2 3 2 2 1
split_gain=0.348743 0.12752 0.0692478 0.0747204 0.0722734 0.0872687 0.0659522 0.204078 0.0579176 0.0565536 0.0587744 0.0508691 0.0705029 0.163326
threshold=0.64965798362674654 0.22160609917557147 0.95005136042471061 0.99973212717473914 0.99434445382309744 0.99434445067782562 0.99434430919799188 0.9943442932040788 0.21291855999701995 0.260223064222945 0.73015066337994294 0.28992175372252821 0.25479496490761883 0.99434432271785222
decision_type=2 2 2 2 2 2 2 2 2 2 2 2 2 2
left_child=1 -1 11 4 5 6 7 8 -4 -5 -11 12 -2 -14
right_child=2 -3 3 9 -6 -7 -8 -9 -10 10 -12 -13 13 -15
leaf_value=-0.060309213578808092 0.0057130931552068186 -0.016822487234427762 -0.055691052219094025 -0.070702920112465317 0.053290018587837905 -0.070557385290458061 0.065247806453052767 -0.073198458029137409 0.064383075648103277 -0.021830715613557879 0.032311101272176485 0.00055536969547063009 -0.013414012526130696 0.08031560408580421
leaf_weight=0.30406130443884638 0.67658659960898138 1.2039862832036758 0.016463770232803543 0.038311077922116965 0.3211499009137242 0.039159832700534025 0.097815508321218658 0.075765476522974495 0.11891197597992686 0.13618770474204211 0.15358187885158259 3.6092700922924905 0.11385179016542679 0.16238458406951395
leaf_count=17810 615 5559 7 14 1156 22 330 39 408 52 261 2713 69 200
internal_value=-3.55263e-11 -0.0255905 0.00694166 0.0212635 0.0327619 0.013824 0.0245192 0.00565081 0.0497802 -0.00219269 0.00686519 0.00381068 0.0161417 0.0416846
internal_weight=7.06749 1.50805 5.55944 0.997347 0.669266 0.348117 0.308957 0.211141 0.135376 0.328081 0.28977 4.56209 0.952823 0.276236
internal_count=29255 23369 5886 2289 1962 806 784 454 415 327 313 3597 884 269
is_linear=0
shrinkage=0.06


Tree=98
num_leaves=15
num_cat=0
split_feature=4 4 3 2 1 4 1 1 0 5 0 1 1 3
split_gain=0.326714 0.105195 0.0717609 0.0617822 0.0650114 0.0585396 0.0542778 0.0786041 0.0686463 0.0527741 0.0625017 0.0512572 0.0468812 0.11211
threshold=0.61121863025216394 0.22160609917557147 0.83657787058855249 0.14576701760496172 0.99434490993400515 0.90971813201883334 0.99434482002651536 0.99434468682887578 0.57000000000000006 0.62500000000000011 0.57000000000000006 0.99434418271169267 0.99434416187844354 0.73199952854248407
decision_type=2 2 2 2 2 2 2 2 2 2 2 2 2 2
left_child=1 -1 12 4 6 9 7 8 -3 10 -4 -11 13 -2
right_child=2 3 5 -5 -6 -7 -8 -9 -10 11 -12 -13 -14 -15
leaf_value=-0.060298581763754203 0.071707039079690962 0.058125240320208618 -0.037701152944113574 -0.034374264444098905 0.0742952668575311 0.06154347194471578 -0.060084684700472027 0.060359894911067524 -0.024944419245236202 0.076785225325926798 0.055380574849303511 -0.055672311272087383 0.0056183493515459216 -0.032894555427267373
leaf_weight=0.28505381527043006 0.042804887345482601 0.041578556873901107 0.034230549194035009 0.45074200986073265 0.035965469450957244 0.14419107130015618 0.065225064340893368 0.062878980015739216 0.25824082249596358 0.012929183823871426 0.10760954078432405 0.056378987685093307 5.0670463129094969 0.26679396239751441
leaf_count=17810 44 38 16 4793 57 721 66 84 303 19 139 27 4946 192
internal_value=4.40174e-10 -0.0284731 0.00595933 -0.0185544 -0.00318287 0.0320735 -0.00969464 -0.000632854 -0.0134244 0.0119488 0.032917 -0.0309628 0.00423345 -0.0184324
internal_weight=6.93167 1.19968 5.73198 0.914631 0.463889 0.355339 0.427923 0.362698 0.299819 0.211148 0.14184 0.0693082 5.37665 0.309599
internal_count=29255 23151 6104 5341 548 922 491 425 341 201 155 46 5182 236
is_linear=0
shrinkage=0.06


Tree=99
num_leaves=15
num_cat=0
split_feature=4 4 5 3 4 3 1 3 1 4 0 1 2 1
split_gain=0.304786 0.128722 0.0584811 0.0518805 0.0619443 0.0581948 0.0551937 0.100044 0.0463736 0.0900788 0.0906155 0.0632502 0.0632669 0.0504167
threshold=0.68632454357222372 0.33004486113997111 0.83500000000000008 0.83657787058855249 0.90971813201883334 0.84228371403771274 0.99434416187844354 0.76035940040187011 0.99434421241106363 0.76745850746238398 0.75000000000000011 0.99434417897819294 0.20905149518528246 0.9943443770546605
decision_type=2 2 2 2 2 2 2 2 2 2 2 2 2 2
left_child=1 -1 3 6 5 -5 7 -2 9 -8 -11 -12 -13 -10
right_child=2 -3 -4 4 -6 -7 8 -9 13 10 11 12 -14 -15
leaf_value=-0.056637453701733564 0.08077623044036164 -0.014168902065225406 0.071912933767939474 0.089138827350260727 0.0614666698695569 -0.0064055468266897191 -0.040729018668598932 -0.043720339179020747 -0.0073363339189507857 0.079082092582008989 -0.039372244578202299 -0.056934039510752113 0.077715388107909594 0.0082788257675161046
leaf_weight=0.31619425815256352 0.027009895662558736 1.3709031502023661 0.049881396353157359 0.026893739730439736 0.13235312713845815 0.15648810250058887 0.055223352424945804 0.16634666814707089 0.96029628722590121 0.1293294820607116 0.056753968091470597 0.016441285784821957 0.053246379623487883 3.3103046039991568
leaf_count=20317 49 3270 55 32 709 129 35 120 793 196 43 5 48 3454
internal_value=-2.46707e-11 -0.0221283 0.00726235 0.00662887 0.0301841 0.00760645 0.00507132 -0.0263295 0.00639653 0.0287655 0.04377 0.00765146 0.0459478 0.00476757
internal_weight=6.82767 1.6871 5.14057 5.09069 0.315735 0.183382 4.77495 0.193357 4.5816 0.310994 0.255771 0.126442 0.0696877 4.2706
internal_count=29255 23587 5668 5613 870 161 4743 169 4574 327 292 96 53 4247
is_linear=0
shrinkage=0.06


Tree=100
num_leaves=15
num_cat=0
split_feature=4 4 3 3 3 1 1 5 3 2 1 0 3 3
split_gain=0.286659 0.112822 0.0666265 0.0563608 0.132281 0.0814916 0.0852261 0.0778563 0.0931339 0.150295 0.0657582 0.0836388 0.0637553 0.0953666
threshold=0.43308528946650876 0.7307350214846744 0.83657787058855249 0.79530761270087369 0.7924675316339963 0.9943443770546605 0.99434462261101075 0.6150000000000001 0.81822119627495649 0.25725387494814983 0.99434417897819294 0.71000000000000008 0.7763554083580394 0.75052320437477704
decision_type=2 2 2 2 2 2 2 2 2 2 2 2 2 2
left_child=-1 -2 3 4 12 7 -7 -5 10 -10 -9 -12 13 -3
right_child=1 2 -4 5 -6 6 -8 8 9 -11 11 -13 -14 -15
leaf_value=-0.048789906350207385 -0.0096661170396968085 0.013602879892770099 0.036925101978429707 -0.05503021448793545 0.094792862019122459 0.039799295765472836 -0.007482827992237596 -0.06128342943732238 -0.073459091484150377 0.09773608883766717 -0.02401804593387839 0.094140004495822244 0.029721235648839769 -0.010195084972930897
leaf_weight=0.40711362415629526 1.7710772806840394 1.695900567689024 0.27320637746947785 0.17951888702100383 0.065504615515237563 0.21371752503637254 0.38352084098141859 0.10272152048037242 0.026293355429515941 0.06197798910397978 0.089850025657597143 0.028378331027852255 0.44186727283408789 0.94344005140783327
leaf_count=21843 2071 1616 860 114 102 362 495 65 13 113 73 50 605 873
internal_value=6.54456e-12 0.00316443 0.00820757 0.00635395 0.0104213 -0.00543159 0.00943675 -0.0236006 -0.00535414 0.0467422 -0.0261671 0.00434341 0.00862763 0.00509623
internal_weight=6.68409 6.27697 4.5059 4.23269 3.14671 1.08598 0.597238 0.48874 0.309221 0.0882713 0.22095 0.118228 3.08121 2.63934
internal_count=29255 7412 5341 4481 3196 1285 857 428 314 126 188 123 3094 2489
is_linear=0
shrinkage=0.06


Tree=101
num_leaves=15
num_cat=0
split_feature=4 4 3 3 2 3 4 3 0 3 3 3 2 4
split_gain=0.272037 0.106749 0.0617223 0.0500177 0.0797436 0.0523333 0.049029 0.0765353 0.0400679 0.03871 0.0424598 0.0862664 0.164785 0.129944
threshold=0.64965798362674654 0.22160609917557147 0.83657787058855249 0.69900122000841824 -0.5342651058166108 0.82029655413577685 0.81589878326412302 0.8472066273223201 0.75000000000000011 0.83029992252302975 0.76617961478826202 0.75052320437477704 0.28992175372252821 0.95874585114599353
decision_type=2 2 2 2 2 2 2 2 2 2 2 2 2 2
left_child=1 -1 9 4 -3 -5 7 -4 -8 10 11 -2 -13 -14
right_child=2 3 6 5 -6 -7 8 -9 -10 -11 -12 12 13 -15
leaf_value=-0.060276423165339696 0.0070122439308596962 0.083189633351411843 0.091944647997570905 -0.027728376043771777 -0.0086308288366181343 0.015564400596006528 0.066917269871662882 -0.018481382864888155 0.00066281602677046463 -0.023181488363007586 0.012145343334538334 0.06097949663926009 -0.035559470588856411 0.068203092351207112
leaf_weight=0.240039043164188 2.0194813650823566 0.043002277327559568 0.028508441297162679 0.79161786521160593 0.16356355303332726 0.1151397005922945 0.14302168410824834 0.10894063031992118 0.042661912626385856 0.17517609002925372 2.0160402034880462 0.085406932743353425 0.58328121040449332 0.04694592961732269
leaf_count=17810 1827 29 22 4128 929 473 694 71 118 181 2390 115 324 144
internal_value=-4.21513e-10 -0.0239856 0.00618372 -0.0161611 0.0104841 -0.0222311 0.0315868 0.00442218 0.0516949 0.00451746 0.00553873 0.000669023 -0.0172312 -0.0278301
internal_weight=6.60283 1.35336 5.24946 1.11332 0.206566 0.906758 0.323133 0.137449 0.185684 4.92633 4.75116 2.73512 0.715634 0.630227
internal_count=29255 23369 5886 5559 958 4601 905 93 812 4981 4800 2410 583 468
is_linear=0
shrinkage=0.06


Tree=102
num_leaves=15
num_cat=0
split_feature=4 4 3 2 0 0 3 3 3 3 3 4 2 0
split_gain=0.268472 0.0756572 0.0783325 0.0603321 0.0671464 0.0628716 0.0623828 0.0598338 0.0664361 0.119541 0.0879973 0.0686328 0.0594824 0.0508434
threshold=0.52078778381871305 0.84953773515527631 0.844253579787556 0.28992175372252821 0.79000000000000015 0.83000000000000018 0.64631596538390634 0.65871741885878199 0.67247998885508864 0.69134476192536476 0.69247776855950416 0.9211356486119523 -0.78875190844849852 0.57000000000000006
decision_type=2 2 2 2 2 2 2 2 2 2 2 2 2 2
left_child=12 3 7 4 -2 -6 -5 -3 11 -10 -11 -9 -1 -12
right_child=1 2 -4 6 5 -7 -8 8 9 10 13 -13 -14 -15
leaf_value=0.0023140669938252257 0.015402031952617265 0.07588024476171662 0.06231685576238459 -0.054431103686881539 -0.059333595465385747 0.062335818272311286 -0.0049235773407876058 0.07864241677542122 0.085694769808135882 -0.076590421766711436 -0.014958900932930421 -0.068309721589401642 -0.043222740703743989 0.01342538926455868
leaf_weight=0.1258644482109047 0.94016655903760715 0.048666232248252395 0.10816121414961788 0.095608740066382203 0.080962124138750369 0.018849170191970188 2.2002624175183882 0.013704347933526484 0.073818079203192943 0.043350588974135795 0.26046785597236555 0.069291764010813495 0.57521594423167244 1.7779695640492716
leaf_count=429 902 96 617 43 52 9 1501 16 112 16 341 38 22177 2906
internal_value=-6.17642e-10 0.0042872 0.0124223 -0.0015545 0.0104345 -0.0363566 -0.00698526 0.0100629 0.00863201 0.0106602 0.00799956 -0.0440449 -0.0350476 0.0097985
internal_weight=6.43236 5.73128 2.39543 3.33585 1.03998 0.0998113 2.29587 2.28727 2.2386 2.15561 2.08179 0.0829961 0.70108 2.03844
internal_count=29255 6649 4142 2507 963 61 1544 3525 3429 3375 3263 54 22606 3247
is_linear=0
shrinkage=0.06


Tree=103
num_leaves=15
num_cat=0
split_feature=4 4 1 1 4 1 0 0 0 3 3 1 1 0
split_gain=0.255903 0.103853 0.0715436 0.154562 0.113243 0.111044 0.0941593 0.122731 0.080181 0.0761389 0.123298 0.206817 0.109567 0.0965579
threshold=0.68632454357222372 0.22160609917557147 0.99434449932618463 0.99434455728556193 0.89388724996930125 0.99434447084863986 0.71000000000000008 0.67000000000000004 0.67000000000000004 0.76207012077746195 0.69020821897992257 0.9943447780349971 0.99434486334738736 0.59000000000000008
decision_type=2 2 2 2 2 2 2 2 2 2 2 2 2 2
left_child=1 -1 5 -4 6 -2 7 9 -6 10 12 -12 -5 -13
right_child=2 -3 3 4 8 -7 -8 -9 -10 -11 11 13 -14 -15
leaf_value=-0.060263532392448652 0.0038888593786335526 -0.015235303737037385 0.056812912402872812 0.086208722816536645 0.015569934577061883 -0.036919922190269593 -0.027180299899060793 0.062494431130791485 0.060692000726441951 0.020024511335386217 -0.052393135645215284 -0.017935843901699396 -0.024858186055348109 0.07821930571967374
leaf_weight=0.21565969181341405 2.0668335039360959 1.2719591597051474 0.26789770121035905 0.075494063699807379 0.47299032748139769 0.27158476528575182 0.36098675259927393 0.13139334819425119 0.20245863439959066 0.44306032269196294 0.3387047526484821 0.072235225889016874 0.055468879982072394 0.078402474111499032
leaf_count=17810 2333 5777 443 62 1088 201 193 139 639 306 125 42 22 75
internal_value=-1.0254e-10 -0.021763 0.00669251 0.0137507 0.0085803 -0.000850688 -0.000326361 0.00778734 0.0290948 0.00102753 -0.0125413 -0.0263799 0.0391667 0.0321101
internal_weight=6.32513 1.48762 4.83751 2.49909 2.23119 2.33842 1.55575 1.19476 0.675449 1.06337 0.620305 0.489342 0.130963 0.150638
internal_count=29255 23587 5668 3134 2691 2534 964 771 1727 632 326 242 84 117
is_linear=0
shrinkage=0.06


Tree=104
num_leaves=15
num_cat=0
split_feature=4 4 3 0 1 1 4 0 3 3 4 3 1 0
split_gain=0.23952 0.0771915 0.0669748 0.0603405 0.0696422 0.14241 0.0982473 0.0691798 0.0677173 0.07072 0.0695133 0.063001 0.143718 0.0955365
threshold=0.61121863025216394 0.22160609917557147 0.62181835353669801 0.81000000000000016 0.99434449932618463 0.99434455728556193 0.89388724996930125 0.73000000000000009 0.627168616777667 0.69020821897992257 0.70237479664194002 0.76270132693215464 0.9943447780349971 0.65000000000000002
decision_type=2 2 2 2 2 2 2 2 2 2 2 2 2 2
left_child=1 -1 -2 4 -4 -6 7 8 -7 10 -10 12 13 -11
right_child=2 -3 3 -5 5 6 -8 -9 9 11 -12 -13 -14 -15
leaf_value=-0.0602539064336515 0.075310894729716568 -0.018624991528807561 -0.0037987401139027229 0.053134145238559166 0.050906345190463637 -0.092182478122314185 0.025611831492287448 -0.030671597644793831 -0.0065750948612639916 -0.051767407993219473 0.079019368375932209 0.014045691708246417 0.026526171310010473 0.0099556169584283302
leaf_weight=0.20240950025350901 0.048555836954619624 0.77178754384135573 2.3788872166513784 0.09023873908608937 0.27896985961001552 0.026349952910095786 0.63840017583163433 0.25707966945992655 0.056726358156083623 0.29736919248171012 0.085850530806055758 0.62177494720890536 0.22156166037348157 0.12963135945756221
leaf_count=17810 37 5341 2582 133 460 2 1716 149 43 129 84 500 188 81
internal_value=-5.47001e-10 -0.0272743 0.00517803 0.00450805 0.00362916 0.0103897 0.00554853 -0.00200207 0.00311884 0.00489615 0.0449643 0.000399083 -0.0126839 -0.0330292
internal_weight=6.10559 0.974197 5.1314 5.08284 4.9926 2.61371 2.33474 1.69634 1.43926 1.41291 0.142577 1.27034 0.648562 0.427001
internal_count=29255 23151 6104 6067 5934 3352 2892 1176 1027 1025 127 898 398 210
is_linear=0
shrinkage=0.06


Tree=105
num_leaves=15
num_cat=0
split_feature=4 4 3 3 4 3 5 1 1 4 4 0 3 3
split_gain=0.229667 0.0941161 0.0470182 0.0463584 0.0680006 0.0444756 0.041566 0.0382923 0.113114 0.0617352 0.0683424 0.116692 0.0891893 0.119294
threshold=0.68632454357222372 0.33004486113997111 0.83657787058855249 0.84228371403771274 0.90971813201883334 0.62181835353669801 0.85500000000000009 0.99434448999872471 0.99434455728556193 0.89388724996930125 0.78715553337066602 0.59000000000000008 0.70669950629179656 0.627168616777667
decision_type=2 2 2 2 2 2 2 2 2 2 2 2 2 2
left_child=1 -1 5 -4 -5 -2 7 -7 -9 10 11 -10 13 -12
right_child=2 -3 3 4 -6 6 -8 8 9 -11 12 -13 -14 -15
leaf_value=-0.056258822225794175 0.089219570898414813 -0.014293664436829395 0.084474555489009423 -0.0062131958746934309 0.061316208911367458 -0.0017866634945882978 0.096025424268698811 0.047372415064737557 -0.034869414352132568 0.021149711657167371 -0.084043242866435316 0.027647190444229877 -0.020673918974788884 0.087769731471433368
leaf_weight=0.22956414859879704 0.022464175161985511 1.1881818296244544 0.047547901765938039 0.14181378839202807 0.086380484882170094 2.0204946511112212 0.017816664160818507 0.25324774564660435 0.14017269587839087 0.58251220780493884 0.019166897138347849 0.46093610658681428 0.70134242344011 0.060372842362994561
leaf_count=20317 31 3270 151 130 603 2036 26 397 85 1397 2 325 413 72
internal_value=2.10259e-10 -0.0210887 0.00656494 0.0305793 0.0193493 0.00501726 0.00457283 0.00418838 0.00963198 0.00476679 -0.00213864 0.0130689 -0.0138452 0.0463675
internal_weight=5.97201 1.41775 4.55427 0.275742 0.228194 4.27853 4.25606 4.23825 2.21775 1.9645 1.38199 0.601109 0.780882 0.0795397
internal_count=29255 23587 5668 884 733 4784 4753 4727 2691 2294 897 410 487 74
is_linear=0
shrinkage=0.06


Tree=106
num_leaves=15
num_cat=0
split_feature=4 4 1 2 3 3 4 1 3 5 0 1 0 3
split_gain=0.218503 0.0939157 0.0493959 0.0893041 0.0779184 0.085328 0.0542158 0.0747007 0.0441015 0.0433992 0.0425639 0.0401955 0.0401135 0.0423617
threshold=0.70237479664194002 0.33004486113997111 0.99434494074408752 0.31672341390619291 0.75596804474092039 0.75709108538010406 0.83751045051642381 0.9943449900701965 0.83657787058855249 0.62500000000000011 0.81000000000000016 0.99434418271169267 0.57000000000000006 0.88359769600279259
decision_type=2 2 2 2 2 2 2 2 2 2 2 2 2 2
left_child=1 -1 8 -4 -5 -6 7 -7 10 12 -2 -11 13 -10
right_child=2 -3 3 4 5 6 -8 -9 9 11 -12 -13 -14 -15
leaf_value=-0.056025808620604668 0.0029202011109653175 -0.01344650953969441 0.096616028002299056 0.059762065649817009 -0.091122235699033341 -0.062372750720614677 0.068147686519405212 0.093835589295758637 0.070037895927821808 0.079660339299531188 0.054727479268833666 -0.032035769630575896 0.064086660998882106 -0.077295140422338773
leaf_weight=0.2174016878899464 3.7747860956405934 1.3113303450199962 0.05936731144265639 0.082145973378374038 0.037605559162329882 0.042918413830193458 0.04071481833341295 0.014828817071247613 0.01222518293889141 0.014749434064015077 0.057966945917996671 0.054293533535542338 0.12318972801210748 0.016517823235403739
leaf_count=20317 4242 3379 87 130 4 18 162 11 68 76 96 126 522 17
internal_value=1.65409e-10 -0.0195017 0.00688312 0.0313692 0.0136181 -0.0142396 0.0151241 -0.0222603 0.00520642 0.03127 0.00370374 -0.00817448 0.0491948 -0.0146304
internal_weight=5.86004 1.52873 4.33131 0.277581 0.218214 0.136068 0.098462 0.0577472 4.05373 0.220976 3.83275 0.069043 0.151933 0.028743
internal_count=29255 23696 5559 412 325 195 191 29 5147 809 4338 202 607 85
is_linear=0
shrinkage=0.06


Tree=107
num_leaves=15
num_cat=0
split_feature=4 4 4 3 2 2 0 1 5 4 3 0 1 3
split_gain=0.206432 0.0767971 0.0475628 0.0625921 0.0446288 0.104139 0.0585141 0.0559551 0.0580531 0.130271 0.0732159 0.0638152 0.0515982 0.0855175
threshold=0.64965798362674654 0.22160609917557147 0.84953773515527631 0.844253579787556 0.68452740484842367 0.75218607603516474 0.81000000000000016 0.99434421608831614 0.53500000000000014 0.74238924345736579 0.82363649155445351 0.71000000000000008 0.99434441393910467 0.70933381246174532
decision_type=2 2 2 2 2 2 2 2 2 2 2 2 2 2
left_child=1 -1 4 -4 12 -6 7 -7 11 -10 -11 -9 -2 -14
right_child=2 -3 3 -5 5 6 -8 8 9 10 -12 -13 13 -15
leaf_value=-0.060231614366715668 -0.0080938223444323807 -0.016433549875372187 0.010079028907625999 0.062205662872120183 -0.097556344152635935 -0.040802896135817265 0.090609872154962606 0.00054374605919319083 -0.025313706823339648 0.073197081975793096 -0.040450046245567396 -0.037212529487695316 -0.01160063241693114 0.032697489476252645
leaf_weight=0.1697752395058385 0.41811922323449835 0.95391876519852303 2.0496144019887201 0.086425097686571806 0.044716722251905483 0.14786065981388663 0.022915934612683597 0.59858320498824447 0.12144560050728614 0.14022601550459513 0.023883381130872294 0.22053019927625428 0.23151436510579515 0.48670651993961656
leaf_count=17810 324 5559 3525 617 7 71 15 399 68 103 16 99 131 511
internal_value=1.70742e-10 -0.0230509 0.00564004 0.0121881 -5.37936e-05 -0.0075569 -0.00440155 -0.00613985 -0.00150018 0.0217955 0.0566576 -0.00962139 0.00866306 0.0184182
internal_weight=5.71624 1.12369 4.59254 2.13604 2.4565 1.32016 1.27544 1.25253 1.10467 0.285555 0.164109 0.819113 1.13634 0.718221
internal_count=29255 23369 5886 4142 1744 778 771 756 685 187 119 498 966 642
is_linear=0
shrinkage=0.06


Tree=108
num_leaves=15
num_cat=0
split_feature=4 4 0 2 3 3 4 4 1 4 4 4 3 2
split_gain=0.202564 0.0796311 0.0411416 0.0505698 0.0404741 0.0333772 0.0343795 0.0637913 0.065705 0.0581439 0.0696175 0.0777807 0.0683042 0.056964
threshold=0.68632454357222372 0.22160609917557147 0.81000000000000016 0.60519723565489913 0.87428084948405649 0.62181835353669801 0.95005136042471061 0.94758584735475693 0.99434442586196525 0.9563927100305617 0.95874585114599353 0.97002176804720486 0.75351779269766495 0.25922581114328036
decision_type=2 2 2 2 2 2 2 2 2 2 2 2 2 2
left_child=1 -1 5 -4 -3 -2 7 -7 -9 -8 12 -12 -11 -13
right_child=2 4 3 -5 -6 6 9 8 -10 10 11 13 -14 -15
leaf_value=-0.060223361830217877 0.085710289156025243 -0.016844686832852875 -0.024682040702381138 0.086786786529452792 0.05429401176347929 0.0038121496663574245 0.066253439050177845 -0.082384310771783417 0.063319893393146379 -0.07689336805234244 0.063479599970236777 -0.055868013528170446 0.063763812552567953 0.013968056622716839
leaf_weight=0.15965370089924125 0.018637657935869245 1.1383552424490515 0.021186190868320298 0.047503618636710598 0.029538875203343085 3.3329556579062687 0.076369898565303518 0.056794063676534168 0.013861090503269224 0.055080466210711165 0.10946631326510214 0.045986724348722419 0.016050422807552422 0.49091219096965233
leaf_count=17810 31 5728 25 95 49 3188 315 39 65 23 532 49 82 1224
internal_value=3.24655e-10 -0.0204786 0.00634483 0.0524061 -0.0150454 0.00559439 0.00523865 0.00261618 -0.0538001 0.0164822 0.0111846 0.0173846 -0.0451546 0.00798642
internal_weight=5.61235 1.32755 4.2848 0.0686898 1.16789 4.21611 4.19748 3.40361 0.0706552 0.793866 0.717496 0.646365 0.0711309 0.536899
internal_count=29255 23587 5668 120 5777 5548 5517 3292 104 2225 1910 1805 105 1273
is_linear=0
shrinkage=0.06


Tree=109
num_leaves=15
num_cat=0
split_feature=4 4 4 3 2 0 0 3 3 2 2 4 1 0
split_gain=0.18724 0.0495569 0.0426701 0.0615565 0.0505518 0.0716302 0.0919051 0.0424016 0.0410658 0.0393662 0.0862232 0.0805562 0.0795612 0.0509603
threshold=0.55399663693201051 0.22160609917557147 0.84953773515527631 0.844253579787556 0.31536181745975761 0.79000000000000015 0.83000000000000018 0.61445108727674602 0.65871741885878199 -0.0091237657230511925 0.080736204892211505 0.68632454357222372 0.9943446839950566 0.69000000000000006
decision_type=2 2 2 2 2 2 2 2 2 2 2 2 2 2
left_child=1 -1 4 8 5 9 -7 -6 -4 -2 -11 -12 13 -13
right_child=2 -3 3 -5 7 6 -8 -9 -10 10 11 12 -14 -15
leaf_value=-0.060213427436575033 0.046099436940060447 -0.021013413580718385 0.071870066378464409 0.062200077596785232 0.15846782463279685 -0.065826769592355006 0.091486446744110217 -0.0072938915792752019 0.0074115090792069268 -0.08327712192312578 -0.016981048690886111 -0.0033973141160426232 0.065609205826768949 0.041496084759969486
leaf_weight=0.14995672167611918 0.12817324314619327 0.51423667822058405 0.036254101063150634 0.080329240790547263 0.0055728552251822485 0.079420458355343726 0.01607549401524011 1.7749501101607164 1.9171767423335948 0.03396360153783462 0.21012724896718282 0.24905950714128267 0.14061365125053271 0.14345820037124213
leaf_count=17810 250 5014 96 617 6 50 9 1293 3429 17 183 176 159 146
internal_value=1.95146e-10 -0.0298637 0.00411933 0.0107246 -0.000710417 0.0100782 -0.0393451 -0.00677507 0.00860781 0.0152911 0.0102105 0.0144824 0.0268834 0.0130104
internal_weight=5.47937 0.664193 4.81517 2.03376 2.78141 1.00089 0.095496 1.78052 1.95343 0.905395 0.777222 0.743259 0.533131 0.392518
internal_count=29255 22824 6431 4142 2289 990 59 1299 3525 931 681 664 481 322
is_linear=0
shrinkage=0.06


Tree=110
num_leaves=15
num_cat=0
split_feature=4 4 2 0 3 3 0 3 1 2 0 3 4 3
split_gain=0.177503 0.0657368 0.0340285 0.0308101 0.0513832 0.0472382 0.0415197 0.0480658 0.0703482 0.0301702 0.0353177 0.0273641 0.0397992 0.0391327
threshold=0.64965798362674654 0.33004486113997111 0.56427957665138673 0.67000000000000004 0.75116634997450005 0.77441613380515462 0.81000000000000016 0.78825001115379179 0.99434425143573302 0.19290009240065684 0.6100000000000001 0.83657787058855249 0.90971813201883334 0.84228371403771274
decision_type=2 2 2 2 2 2 2 2 2 2 2 2 2 2
left_child=1 -1 3 4 9 -6 7 -5 -9 -3 -11 -2 13 -13
right_child=11 2 -4 6 5 -7 -8 8 -10 10 -12 12 -14 -15
leaf_value=-0.055933973152934711 0.0042041288135057451 0.052208510271728091 -0.037740295287169656 -0.043354637364401039 -0.05757272208079077 0.0053560647269059614 0.047469245498845306 -0.066170467660464347 0.050920077648730196 -0.057644667677180114 0.032769936156738906 0.077693289902657378 0.061047553518916699 -0.0051157812816051409
leaf_weight=0.17423568440597115 4.1008989309522121 0.087908574322000277 0.1925988699372283 0.21918836091890626 0.067849865116613728 0.11698641721000058 0.028167431420115463 0.028191976430434806 0.053575668105963814 0.025019186492272638 0.041107542305553579 0.024401215128818765 0.07586230413693329 0.12996638282675121
leaf_count=20317 4981 97 1324 577 148 309 45 60 146 172 174 36 721 148
internal_value=-2.21755e-11 -0.0223253 -0.0155209 -0.00911446 0.00358463 -0.0177439 -0.0221897 -0.0287093 0.0105494 0.029178 -0.00143862 0.00533414 0.0254621 0.00797403
internal_weight=5.36596 1.03483 0.860594 0.667995 0.338872 0.184836 0.329123 0.300956 0.0817676 0.154035 0.0661267 4.33113 0.23023 0.154368
internal_count=29255 23369 3052 1728 900 457 828 783 206 443 346 5886 905 184
is_linear=0
shrinkage=0.06


Tree=111
num_leaves=15
num_cat=0
split_feature=4 2 4 2 2 0 2 1 1 3 4 0 2 5
split_gain=0.172099 0.0551918 0.0417377 0.0383102 0.0393381 0.0711598 0.0291887 0.04505 0.0439712 0.0453977 0.0294763 0.0273254 0.036621 0.0264993
threshold=0.61121863025216394 -0.029724741047222 0.52078778381871305 -0.35317589806488864 -0.25542457110613687 0.77000000000000013 -0.19240359438868854 0.99434464975257908 0.99434480209285292 0.72411984510637473 0.43308528946650876 0.81000000000000016 0.29991449996948633 0.66500000000000015
decision_type=2 2 2 2 2 2 2 2 2 2 2 2 2 2
left_child=1 2 6 -2 5 -5 7 -1 -9 10 -10 -6 -13 -8
right_child=3 -3 -4 4 11 -7 13 8 9 -11 -12 12 -14 -15
leaf_value=-0.049933559053782953 0.063751815463460468 -0.041110763336860416 0.029211597519942102 0.070214865038530139 0.0039357643276896693 -0.099556558680596652 0.060616968686961724 0.041204175212691381 -0.06103393133845128 -0.076550872765113229 0.088306155558127722 -0.03159020034598102 0.067162785200593475 -0.075580786965839974
leaf_weight=0.13665010860950133 0.038930712624733022 0.413591898733074 0.080151365818892373 0.012314945053731097 4.3450210644771232 0.031940565400873311 0.025947435916179873 0.052642370693661178 0.0073806632616424386 0.035310589744199206 0.013389693223871291 0.018239986879052483 0.052226065805371036 0.0064140240794472439
leaf_count=922 122 21185 97 35 5812 4 243 255 176 182 6 23 108 85
internal_value=-3.7671e-10 -0.0261824 -0.00893035 0.00449002 0.0039727 -0.0523144 -0.0199377 -0.0270016 0.00182068 -0.035148 0.0352388 0.00453685 0.0416008 0.0336226
internal_weight=5.27015 0.771478 0.357886 4.49867 4.45974 0.0442555 0.277735 0.245373 0.108723 0.0560809 0.0207704 4.41549 0.0704661 0.0323615
internal_count=29255 23151 1966 6104 5982 39 1869 1541 619 364 182 5943 131 328
is_linear=0
shrinkage=0.06


Tree=112
num_leaves=15
num_cat=0
split_feature=4 4 0 0 2 4 2 1 1 3 1 2 2 1
split_gain=0.164213 0.0567834 0.0319701 0.0315491 0.0400364 0.053924 0.0407541 0.0343035 0.0362664 0.0401236 0.0269515 0.0242207 0.0347437 0.0287596
threshold=0.64965798362674654 0.36373086536405902 0.83000000000000018 0.79000000000000015 -0.078603707485873184 0.52078778381871305 -0.19240359438868854 0.99434469350162946 0.99434482002651536 0.72554580564387339 0.99434415339805016 0.052906793703326023 0.1179112347556214 0.99434449932618463
decision_type=2 2 2 2 2 2 2 2 2 2 2 2 2 2
left_child=1 -1 3 4 5 6 7 -3 -9 -10 -5 -2 -13 -14
right_child=11 2 -4 10 -6 -7 -8 8 9 -11 -12 12 13 -15
leaf_value=-0.05400161045403102 0.044955712090736615 -0.045706164874526521 0.059374854985116049 -0.10777101886287226 -0.026499260716075876 0.041894445234607176 0.082628553138148847 0.06211780818788501 0.055394340407418141 -0.075210089541595013 -0.018586591145654155 -0.054460874365843077 -0.000214213425714934 0.0097270990577679583
leaf_weight=0.17356043804556964 0.053719466538154736 0.10053651471571357 0.019787789897236507 0.025136358482768628 0.40223010157194494 0.088100386719816015 0.014060901068660314 0.027762114801589632 0.013158738045603968 0.023755836817144882 0.023699943835708837 0.035781065564151393 2.0305986163203897 2.1640776920157805
leaf_count=20862 206 58 25 16 2134 138 4 14 11 10 97 35 2535 3110
internal_value=-3.44309e-11 -0.0231211 -0.0158609 -0.0179331 -0.0145376 0.00345722 -0.0154319 -0.0237776 0.0103092 -0.0286542 -0.0644904 0.00492079 0.00441242 0.00491461
internal_weight=5.19597 0.911789 0.738229 0.718441 0.669605 0.267374 0.179274 0.165213 0.0646767 0.0369146 0.0488363 4.28418 4.23046 4.19468
internal_count=29255 23369 2507 2482 2369 235 97 93 35 21 113 5886 5680 5645
is_linear=0
shrinkage=0.06


Tree=113
num_leaves=15
num_cat=0
split_feature=4 4 5 0 0 2 4 3 3 3 3 1 0 3
split_gain=0.159389 0.0592105 0.0344991 0.0326831 0.0323574 0.0341191 0.0642452 0.0314027 0.0296518 0.0422546 0.0378331 0.0650495 0.0542692 0.0518521
threshold=0.68632454357222372 0.22160609917557147 0.85500000000000009 0.83000000000000018 0.79000000000000015 0.14576701760496172 0.55399663693201051 0.62181835353669801 0.627168616777667 0.65443915533777985 0.66890153807324759 0.99434434054028487 0.65000000000000002 0.67386648515488567
decision_type=2 2 2 2 2 2 2 2 2 2 2 2 2 2
left_child=1 -1 7 4 5 6 -3 -2 -9 -10 11 -11 -13 -12
right_child=2 3 -4 -5 -6 -7 -8 8 9 10 13 12 -14 -15
leaf_value=-0.060196771927541477 0.085151485801314777 -0.014551266098180181 0.088208807984455503 0.054904197473860342 -0.057335924841411999 -0.022706006461676208 0.049620259185292628 -0.058592807433884148 0.053999175497565298 0.084892164982552226 0.070623308081675107 0.027734426346492615 -0.070813910597831875 0.0046274292411096199
leaf_weight=0.12089847760734052 0.017536148298859078 0.20874932738479401 0.018032357922265763 0.023090451849157034 0.067573630113884064 0.56841975068425654 0.076837033178435377 0.026483540174012776 0.062634115240143617 0.015806195436198656 0.043349102906177328 0.027028939555293618 0.078662503463419853 3.7858961860326303
leaf_count=17810 31 446 39 44 254 4845 188 10 97 18 33 37 37 5366
internal_value=-3.73612e-10 -0.0206611 0.00540207 -0.0156013 -0.0173678 -0.0142053 0.00271409 0.00503405 0.00468628 0.00510385 0.00432867 -0.0286339 -0.0456117 0.00537454
internal_weight=5.141 1.06557 4.07543 0.94467 0.92158 0.854006 0.285586 4.0574 4.03986 4.01338 3.95074 0.121498 0.105691 3.82925
internal_count=29255 23587 5668 5777 5733 5479 634 5629 5598 5588 5491 92 74 5399
is_linear=0
shrinkage=0.06


Tree=114
num_leaves=15
num_cat=0
split_feature=4 0 4 0 3 2 1 2 2 4 4 4 1 1
split_gain=0.149822 0.0446165 0.0428657 0.0369111 0.10722 0.0612637 0.0442243 0.0432067 0.0880845 0.0602508 0.0573109 0.0797451 0.0423611 0.0498153
threshold=0.61121863025216394 0.83000000000000018 0.22160609917557147 0.79000000000000015 0.7769671510669296 0.20842364024302529 0.99434488581748759 0.68452740484842367 0.73640611361947883 0.74238924345736579 1.0205286969618339 0.94017865834999659 0.99434486672576572 0.99434484161772307
decision_type=2 2 2 2 2 2 2 2 2 2 2 2 2 2
left_child=2 3 -1 7 5 -5 -7 10 -9 -10 11 -2 13 -11
right_child=1 -3 -4 4 -6 6 -8 8 9 12 -12 -13 -14 -15
leaf_value=-0.060192289505170624 0.011151282060862321 0.088514269946297838 -0.019727941180785493 -0.10618234790677475 0.04314194555722306 0.0024662277915107481 -0.097810010404551812 -0.087503281476633846 -0.018168245332718647 0.004850530007946211 -0.052283790215591756 0.066273611535672725 0.030291571208509886 -0.043088232892166428
leaf_weight=0.11415925961270534 1.3533184620987411 0.022362543702911242 0.54032893356009026 0.048185899726376991 0.062463772364424131 0.065560591838675464 0.020874391921097413 0.04061789531158444 0.46139119593681277 1.8740618082772473 0.047048456443007924 0.10157395119017554 0.22598834217245656 0.081426004230934157
leaf_count=17810 1448 25 5341 15 165 101 3 19 331 2910 17 481 481 108
internal_value=1.59477e-10 0.00397993 -0.0267859 0.00354858 -0.0218268 -0.0519721 -0.0217509 0.00474346 0.000182734 0.00153037 0.012892 0.0149997 0.00569671 0.00285437
internal_weight=5.05936 4.40487 0.654488 4.38251 0.197085 0.134621 0.086435 4.18543 2.68349 2.64287 1.50194 1.45489 2.18148 1.95549
internal_count=29255 6104 23151 6079 284 119 104 5795 3849 3830 1946 1929 3499 3018
is_linear=0
shrinkage=0.06


Tree=115
num_leaves=15
num_cat=0
split_feature=4 0 0 3 2 1 2 4 2 4 4 4 4 3
split_gain=0.142569 0.154863 0.121423 0.147514 0.0691328 0.0619399 0.0400748 0.0495366 0.0392157 0.034047 0.0753235 0.0702052 0.0629312 0.0605599
threshold=0.55399663693201051 0.83000000000000018 0.79000000000000015 0.7769671510669296 0.20842364024302529 0.99434488581748759 -0.0091237657230511925 0.63144285500101482 0.60519723565489913 0.95874585114599353 0.9563927100305617 0.95005136042471061 0.97002176804720486 0.75351779269766495
decision_type=2 2 2 2 2 2 2 2 2 2 2 2 2 2
left_child=-1 2 6 4 -4 -6 -2 -8 -5 10 11 -9 -11 -12
right_child=1 -3 3 8 5 -7 7 9 -10 12 13 -13 -14 -15
leaf_value=-0.030908883547600217 0.042691334656041066 0.10253291496488168 -0.10672126956469097 -0.015375049587944643 -0.0012130971074535489 -0.10582271898818511 -0.028246561850150245 0.0027382074725049886 0.079197902878586579 0.063210259474015443 -0.082584172282376814 0.066196985045645973 0.0094995670635378768 0.062401108113725845
leaf_weight=0.48595238402580765 0.096117669717727838 0.05588540380631446 0.083718990631041268 0.027503824586005976 0.068402980386053969 0.029021761700278148 0.16971043580269896 3.3432420529761666 0.037043797838805403 0.094564712643602777 0.060414136262806895 0.063961505135125551 0.46320422816950213 0.012520958624008927
leaf_count=22824 291 28 19 57 106 3 319 3344 111 512 24 300 1239 78
internal_value=4.61522e-10 0.0032615 0.00204205 -0.0389831 -0.0667356 -0.0323752 0.00438409 0.00350901 0.0389002 0.00484368 0.002638 0.00392948 0.0186057 -0.0576942
internal_weight=5.09126 4.60531 4.54943 0.245691 0.181144 0.0974247 4.30374 4.20762 0.0645476 4.03791 3.48014 3.4072 0.557769 0.0729351
internal_count=29255 6431 6403 296 128 109 6107 5816 168 5497 3746 3644 1751 102
is_linear=0
shrinkage=0.06


Tree=116
num_leaves=15
num_cat=0
split_feature=4 0 4 0 2 5 3 4 5 3 4 3 3 3
split_gain=0.136451 0.0623163 0.0514681 0.0692689 0.0632748 0.0370178 0.0352831 0.032927 0.0314451 0.0916631 0.0717487 0.0388305 0.0587124 0.124131
threshold=0.55399663693201051 0.83000000000000018 0.68632454357222372 0.79000000000000015 0.14868996578017543 0.85500000000000009 0.61445108727674602 0.22160609917557147 0.74500000000000011 0.76035940040187011 0.82577369222547514 0.73643729393020096 0.7499712859027291 0.75116634997450005
decision_type=2 2 2 2 2 2 2 2 2 2 2 2 2 2
left_child=7 2 3 4 -2 6 -4 -1 11 -10 -11 -8 -13 -14
right_child=1 -3 5 -5 -6 -7 8 -9 9 10 -12 12 13 -15
leaf_value=-0.060188619237709941 0.046769491652016451 0.081188686609696512 0.10154302258027564 -0.077139299853171042 -0.016882032194669029 0.090633257958932026 -0.0033864177598079497 -0.022150657258153787 0.08408383192887918 -0.077894196938239194 0.00515898895325904 0.039592861705576132 -0.069928361577855064 0.0093663889845422826
leaf_weight=0.10526018062665787 0.066024828391618828 0.036623921947466331 0.013445666714688609 0.058015341814098065 0.37872638708722661 0.018051719978075087 1.2282649996666357 0.36956234094492402 0.025706308848839288 0.079004044967405207 0.071186443262831745 0.21531568728460149 0.07342981427564188 2.2123953819206292
leaf_count=17810 188 28 21 37 530 39 1258 5014 51 31 135 395 26 3692
internal_value=2.75795e-10 0.00324417 0.00260117 -0.0154763 -0.00743275 0.00490984 0.00451495 -0.030583 0.00418089 -0.0206099 -0.0385291 0.00535015 0.00964052 0.00681913
internal_weight=4.95101 4.47619 4.43957 0.502767 0.444751 3.9368 3.91875 0.474823 3.9053 0.175897 0.15019 3.72941 2.50114 2.28583
internal_count=29255 6431 6403 755 718 5648 5609 22824 5588 217 166 5371 4113 3718
is_linear=0
shrinkage=0.06


Tree=117
num_leaves=15
num_cat=0
split_feature=4 5 2 4 4 3 1 0 1 4 3 1 2 4
split_gain=0.12981 0.04888 0.0410714 0.0348154 0.0485797 0.0420494 0.0499283 0.0473348 0.0531206 0.0383392 0.0416277 0.0464349 0.0485736 0.0565633
threshold=0.61121863025216394 0.91500000000000015 -0.029724741047222 0.95005136042471061 0.9563927100305617 0.71184066117179889 0.994344745255478 0.67000000000000004 0.99434445067782562 0.97002176804720486 0.72411984510637473 0.99434459163009403 0.20156743525609214 0.9720365863247532
decision_type=2 2 2 2 2 2 2 2 2 2 2 2 2 2
left_child=2 3 -1 -2 -5 7 9 8 -6 -7 -11 12 -12 -14
right_child=1 -3 -4 4 5 6 -8 -9 -10 10 11 -13 13 -15
leaf_value=-0.0085285526102608158 0.00084998324734259563 0.10113295636086861 -0.040156171449665261 0.065413256352482033 0.074469429208780219 0.044884560926875823 0.065773998446700732 0.050853587950200806 -0.054892977909968235 0.090663394454795723 -0.085188909565157442 -0.037722904072545388 -0.058044866167535979 0.032738147540389867
leaf_weight=0.26525277261526969 3.5544001269868204 0.018445718248358278 0.33384814388256245 0.063853863077184658 0.013091835856357648 0.0931360585604466 0.069016239091695297 0.026963576439129611 0.089887182877191663 0.017815606724980171 0.017166126181109576 0.098969429229669004 0.028773820766389235 0.17483165649468901
leaf_count=1966 3803 20 21185 326 37 449 412 78 83 38 10 192 57 599
internal_value=-4.5583e-10 0.00367253 -0.026153 0.00324932 0.0155466 0.0104895 0.0183963 -0.0199168 -0.038447 0.0108042 0.00140106 -0.00357253 0.0117367 0.0199086
internal_weight=4.86545 4.26635 0.599101 4.24791 0.693505 0.629652 0.499709 0.129943 0.102979 0.430693 0.337557 0.319741 0.220772 0.203605
internal_count=29255 6104 23151 6084 2281 1955 1757 198 120 1345 896 858 666 656
is_linear=0
shrinkage=0.06


Tree=118
num_leaves=15
num_cat=0
split_feature=4 4 5 3 0 1 4 4 3 0 1 1 0 3
split_gain=0.12304 0.0494849 0.0438478 0.0300044 0.0229925 0.0592872 0.0837745 0.0648909 0.052989 0.0529408 0.0509509 0.0892743 0.0784828 0.0838551
threshold=0.4556909058663639 0.70237479664194002 0.85500000000000009 0.61445108727674602 0.71000000000000008 0.99434476503315905 0.89388724996930125 0.78715553337066602 0.67581926139813342 0.69000000000000006 0.99434449932618463 0.99434455728556193 0.67000000000000004 0.76035940040187011
decision_type=2 2 2 2 2 2 2 2 2 2 2 2 2 2
left_child=-1 -2 3 -3 9 8 7 -7 -6 10 -5 -12 13 -13
right_child=1 2 -4 4 5 6 -8 -9 -10 -11 11 12 -14 -15
leaf_value=-0.044697477501316668 -0.01103050807145968 0.10080892358892736 0.091360127260840335 -0.0059258465777245143 0.078922274168019585 0.022772129442567401 0.068216629628888997 -0.066747679979308264 0.00072247222175225387 0.033147526300019867 0.058383895682834357 -0.012331618092934907 0.066824119549021815 0.020135140092430295
leaf_weight=0.21187109462667297 0.84505609196594367 0.011623879664512837 0.021071854200044871 0.98198630095953499 0.032373430306051665 0.037066330916786683 0.025814407388111249 0.13650225354922441 0.85654640801183746 0.25751892965922696 0.13465644032362423 0.60438377698892487 0.073947020516015871 0.5443084405615366
leaf_count=22061 1635 20 39 1255 50 35 151 56 1357 431 283 655 213 1014
internal_value=-2.26755e-10 0.00207548 0.00505447 0.00456251 0.00425893 -0.00306196 -0.0326315 -0.0476303 0.00357042 0.00732706 0.00448463 0.0120165 0.00690976 0.00305277
internal_weight=4.77473 4.56286 3.7178 3.69673 3.6851 1.0883 0.199383 0.173569 0.88892 2.5968 2.33928 1.3573 1.22264 1.14869
internal_count=29255 7194 5559 5520 5500 1649 242 91 1407 3851 3420 2165 1882 1669
is_linear=0
shrinkage=0.06


Tree=119
num_leaves=15
num_cat=0
split_feature=4 4 3 5 2 2 2 0 0 0 3 3 1 4
split_gain=0.117381 0.0483674 0.0353866 0.0355074 0.0246666 0.0835046 0.0630793 0.0426833 0.0395628 0.0471143 0.06405 0.0509065 0.0890159 0.0519556
threshold=0.68632454357222372 0.22160609917557147 0.61445108727674602 0.85500000000000009 0.68452740484842367 0.73640611361947883 0.59690712369508736 0.81000000000000016 0.79000000000000015 0.69000000000000006 0.79609971367484356 0.76207012077746195 0.99434432271785222 0.82577369222547514
decision_type=2 2 2 2 2 2 2 2 2 2 2 2 2 2
left_child=1 -1 -2 4 6 -6 8 -7 9 11 -11 -4 13 -13
right_child=2 -3 3 -5 5 7 -8 -9 -10 10 -12 12 -14 -15
leaf_value=-0.060183121047063436 0.10098578058117522 -0.014609028720380564 -0.01000363084868292 0.087768357764031898 -0.090209498825119735 0.00094343559525917253 0.086019014634917748 0.07624385478961937 -0.038987623381815772 0.049352511014785154 -0.002501892475105199 -0.05237284015369674 0.039513363610555748 0.06616856867665824
leaf_weight=0.093336127669971236 0.013689981801690343 0.82344828037776097 0.46829215779303079 0.018277529579563523 0.036042134818046967 2.4033761402147893 0.038866652841761495 0.027408830652802751 0.060354599511896256 0.21739295331531139 0.14161501924786535 0.072629243507435604 0.24295064087829132 0.01629723331598143
leaf_count=17810 21 5777 422 39 20 3745 134 84 81 339 200 47 472 64
internal_value=-6.1498e-10 -0.0192488 0.00469687 0.00434474 0.00393543 0.000448285 0.0107712 0.0017925 0.00837308 0.010839 0.0288979 0.0027366 0.0207136 -0.0306482
internal_weight=4.67398 0.916784 3.75719 3.7435 3.72523 2.46683 1.2584 2.43078 1.21953 1.15918 0.359008 0.800169 0.331877 0.0889265
internal_count=29255 23587 5668 5647 5608 3849 1759 3829 1625 1544 539 1005 583 111
is_linear=0
shrinkage=0.06


end of trees

feature_importances:
Column_4=628
Column_3=390
Column_2=307
Column_1=207
Column_0=115
Column_5=33

parameters:
[boosting: gbdt]
[objective: lambdarank]
[metric: ndcg]
[tree_learner: serial]
[device_type: cpu]
[data_sample_strategy: bagging]
[data: ]
[valid: ]
[num_iterations: 120]
[learning_rate: 0.06]
[num_leaves: 15]
[num_threads: 1]
[seed: 0]
[deterministic: 0]
[force_col_wise: 0]
[force_row_wise: 0]
[histogram_pool_size: -1]
[max_depth: -1]
[min_data_in_leaf: 5]
[min_sum_hessian_in_leaf: 0.001]
[bagging_fraction: 1]
[pos_bagging_fraction: 1]
[neg_bagging_fraction: 1]
[bagging_freq: 0]
[bagging_seed: 3]
[bagging_by_query: 0]
[feature_fraction: 1]
[feature_fraction_bynode: 1]
[feature_fraction_seed: 2]
[extra_trees: 0]
[extra_seed: 6]
[early_stopping_round: 0]
[early_stopping_min_delta: 0]
[first_metric_only: 0]
[max_delta_step: 0]
[lambda_l1: 0]
[lambda_l2: 0]
[linear_lambda: 0]
[min_gain_to_split: 0]
[drop_rate: 0.1]
[max_drop: 50]
[skip_drop: 0.5]
[xgboost_dart_mode: 0]
[uniform_drop: 0]
[drop_seed: 4]
[top_rate: 0.2]
[other_rate: 0.1]
[min_data_per_group: 100]
[max_cat_threshold: 32]
[cat_l2: 10]
[cat_smooth: 10]
[max_cat_to_onehot: 4]
[top_k: 20]
[monotone_constraints: ]
[monotone_constraints_method: basic]
[monotone_penalty: 0]
[feature_contri: ]
[forcedsplits_filename: ]
[refit_decay_rate: 0.9]
[cegb_tradeoff: 1]
[cegb_penalty_split: 0]
[cegb_penalty_feature_lazy: ]
[cegb_penalty_feature_coupled: ]
[path_smooth: 0]
[interaction_constraints: ]
[verbosity: -1]
[saved_feature_importance_type: 0]
[use_quantized_grad: 0]
[num_grad_quant_bins: 4]
[quant_train_renew_leaf: 0]
[stochastic_rounding: 1]
[linear_tree: 0]
[max_bin: 255]
[max_bin_by_feature: ]
[min_data_in_bin: 3]
[bin_construct_sample_cnt: 200000]
[data_random_seed: 1]
[is_enable_sparse: 1]
[enable_bundle: 1]
[use_missing: 1]
[zero_as_missing: 0]
[feature_pre_filter: 1]
[pre_partition: 0]
[two_round: 0]
[header: 0]
[label_column: ]
[weight_column: ]
[group_column: ]
[ignore_column: ]
[categorical_feature: ]
[forcedbins_filename: ]
[precise_float_parser: 0]
[parser_config_file: ]
[objective_seed: 5]
[num_class: 1]
[is_unbalance: 0]
[scale_pos_weight: 1]
[sigmoid: 1]
[boost_from_average: 1]
[reg_sqrt: 0]
[alpha: 0.9]
[fair_c: 1]
[poisson_max_delta_step: 0.7]
[tweedie_variance_power: 1.5]
[lambdarank_truncation_level: 30]
[lambdarank_norm: 1]
[label_gain: ]
[lambdarank_position_bias_regularization: 0]
[eval_at: 1,2,3,4,5]
[multi_error_top_k: 1]
[auc_mu_weights: ]
[num_machines: 1]
[local_listen_port: 12400]
[time_out: 120]
[machine_list_filename: ]
[machines: ]
[gpu_platform_id: -1]
[gpu_device_id: -1]
[gpu_device_id_list: ]
[gpu_use_dp: 0]
[num_gpu: 1]

end of parameters

pandas_categorical:null
